"","pid","v1","v2","v3","p12","p13","p23","d12","d13","d23"
"1","b1-k",419.9869268191,427.5797514201,418.6545584262,-1.80787165412662,0.317240444361228,2.08737503688077,-7.59282460100002,1.33236839289998,8.9251929939
"2","b1-length",1.527940216866,1.528835585458,1.5236078068,-0.0585997136613524,0.283545783936897,0.34194511873779,-0.000895368592000123,0.00433241006599983,0.00522777865799995
"3","b2-k",484.1959214883,479.1789756224,478.4021199324,1.03613963754158,1.19658206498131,0.162122240232043,5.01694586589997,5.79380155589996,0.776855689999991
"4","b2-length",1.503434271105,1.502666029908,1.500328540697,0.0510990877197036,0.206575735813002,0.155556135859615,0.00076824119700003,0.003105730408,0.00233748921099997
"5","b3-k",418.6331368515,416.4648443485,394.216706618,0.51794574106282,5.83241699812243,5.34214064702245,2.16829250300003,24.4164302335,22.2481377305
"6","b3-length",1.529478304416,1.53055670645,1.506724714999,-0.0705078346575023,1.48766996898907,1.55707994029679,-0.001078402034,0.0227535894170001,0.0238319914510001
"7","b4-k",540.3345953498,531.7276750604,540.1088248875,1.59288714131437,0.0417834549634704,-1.57621094785935,8.60692028940002,0.225770462300034,-8.38114982709999
"8","b4-length",1.466199291912,1.46497387362,1.464832227067,0.0835778804941277,0.0932386785712609,0.00966887912137034,0.00122541829199996,0.00136706484499993,0.000141646552999974
"9","b5-k",765.1465671607,744.6236493829,745.8696729867,2.68222046057872,2.51937275828506,-0.167336023349872,20.5229177778,19.2768941739999,-1.24602360380004
"10","b5-length",1.394445702699,1.389358757625,1.386171401734,0.36480051278828,0.59337562939774,0.229412012808583,0.00508694507400009,0.00827430096499993,0.00318735589099983
"11","b6-k",898.589948525,920.6754091735,845.0052043581,-2.45779075147151,5.96320315566152,8.21898837108401,-22.0854606485001,53.5847441669,75.6702048154001
"12","b6-length",1.382361687103,1.393120504294,1.371139649604,-0.778292489684603,0.811801831872082,1.57781431127089,-0.010758817191,0.011222037499,0.02198085469
"13","b7-k",457.1029448115,445.2975503981,447.0509174409,2.58265551499965,2.19907298447733,-0.393751782652401,11.8053944134,10.0520273706,-1.75336704279999
"14","b7-length",1.46420197713,1.465816274849,1.466853737297,-0.110251027127016,-0.18110617308397,-0.070777113462391,-0.0016142977189999,-0.00265176016699997,-0.00103746244800007
"15","b8-k",640.6150893356,649.0755210522,643.9853182161,-1.32067318697948,-0.526092646989531,0.784223510362605,-8.46043171659994,-3.37022888050001,5.09020283609993
"16","b8-length",1.389681126838,1.400863405313,1.396273600829,-0.804665060138183,-0.474387531332463,0.327641115228827,-0.011182278475,-0.00659247399099994,0.00458980448400004
"17","b9-k",467.3752485468,466.7851134707,481.9986420085,0.126265795618157,-3.12883352448984,-3.25921459334519,0.590135076099955,-14.6233934617,-15.2135285378
"18","b9-length",1.469242986682,1.451338252105,1.46411692844,1.21863672240045,0.348891115252235,-0.880475403750019,0.017904734577,0.00512605824200008,-0.012778676335
"19","b10-k",644.6314222627,647.835439636,640.7666459884,-0.497030902101197,0.599532716033969,1.09114031359133,-3.20401737330008,3.86477627429997,7.06879364760005
"20","b10-length",1.388092539119,1.382023084776,1.392195772029,0.437251420344942,-0.29560225952977,-0.736072165874763,0.00606945434299999,-0.00410323290999992,-0.0101726872529999
"21","b11-k",566.4793948211,595.4969525661,611.5526455995,-5.1224383464405,-7.95673261736813,-2.69618391231276,-29.0175577450001,-45.0732507784001,-16.0556930334
"22","b11-length",1.366329573172,1.362978986965,1.362063237842,0.245225330168436,0.3122478949274,0.0671873250987685,0.00335058620700002,0.00426633533000009,0.000915749123000076
"23","b12-k",760.4093054565,754.758103501,795.3920476816,0.743178958351555,-4.6005147456867,-5.38370426128802,5.65120195549991,-34.9827422251001,-40.6339441806
"24","b12-length",1.337191333766,1.322701027181,1.319934031143,1.08363748845052,1.29056345096086,0.209192854707104,0.0144903065849999,0.0172573026230001,0.00276699603800012
"25","b13-k",1023.286029691,1031.298425313,998.246661152,-0.783006450739838,2.44695694189835,3.20486906115161,-8.0123956220001,25.039368539,33.0517641610001
"26","b13-length",1.306529281865,1.291485358255,1.306859372344,1.15144174867061,-0.0252646828189587,-1.1904133477574,0.01504392361,-0.000330090479000011,-0.015374014089
"27","b13a-k",1171.510786135,1171.510786135,1171.510786135,0,0,0,0,0,0
"28","b13a-length",1.304468222569,1.304468222569,1.304468222569,0,0,0,0,0,0
"29","b14-k",545.2782783431,489.6996426729,513.7368280557,10.1927103788332,5.78446850720753,-4.90855685570837,55.5786356702001,31.5414502874,-24.0371853828
"30","b14-length",1.423822414975,1.426749085199,1.428208559131,-0.205550228260118,-0.308054158290312,-0.102293665167945,-0.00292667022399984,-0.00438614415600003,-0.00145947393200019
"31","b15-k",1090.071176574,1143.617093554,1089.600969949,-4.91214868631699,0.0431354057519221,4.72327004462086,-53.5459169799999,0.470206624999946,54.0161236049998
"32","b15-length",1.278958196232,1.261196772023,1.255016342444,1.38874157586447,1.87198094969299,0.490044830124834,0.0177614242090001,0.0239418537880001,0.006180429579
"33","b16-k",434.3139352817,447.272736584,463.1791281029,-2.9837406193045,-6.64615856787504,-3.55630697287375,-12.9588013022999,-28.8651928212,-15.9063915189
"34","b16-length",1.421832315661,1.433417747756,1.417726542996,-0.814824080687319,0.288766306671772,1.09467074651227,-0.011585432095,0.00410577266500001,0.01569120476
"35","b17-k",598.9859275918,595.6772017201,596.9703514861,0.552387914187326,0.336498073302582,-0.217089014363114,3.30872587169995,2.01557610570001,-1.29314976599994
"36","b17-length",1.357746519746,1.369375355119,1.359965170744,-0.856480587788621,-0.16340686319086,0.687188091988286,-0.0116288353730001,-0.002218650998,0.00941018437500007
"37","b18-k",673.9493155918,565.314760905,626.5615675918,16.119098598892,7.03135189897603,-10.834107106765,108.6345546868,47.387748,-61.2468066868
"38","b18-length",1.367997231102,1.370112344564,1.375850223775,-0.154613870109667,-0.574050333908495,-0.418788957983298,-0.00211511346199988,-0.00785299267299999,-0.00573787921100011
"39","b19-k",650.5820092964,639.3778174122,650.966144452,1.72217979041831,-0.0590448475535691,-1.81243808030474,11.2041918842,-0.384135155600006,-11.5883270398
"40","b19-length",1.375666333304,1.369669552789,1.36596079128,0.435918243386631,0.705515704574215,0.270777831152624,0.00599678051500008,0.00970554202399998,0.0037087615089999
"41","b20-k",584.2817678325,558.8729584613,613.5047324068,4.34872535308755,-5.00151916132998,-9.77534753084374,25.4088093712001,-29.2229645743,-54.6317739455001
"42","b20-length",1.329462769246,1.338362121191,1.338896444818,-0.669394596890236,-0.709585540131404,-0.0399236961760865,-0.00889935194500002,-0.00943367557200014,-0.000534323627000122
"43","b21-k",1527.019744047,1524.610050044,1536.664467701,0.157803722734691,-0.631604384396432,-0.790655791403975,2.40969400299991,-9.64472365400002,-12.0544176569999
"44","b21-length",1.221668642702,1.224163012114,1.210263565058,-0.204177247807802,0.933565554958918,1.13542452422223,-0.00249436941199987,0.011405077644,0.0138994470559999
"45","b22-k",1187.240374941,1202.788829944,1172.372583134,-1.3096299057192,1.25229836525218,2.52881021612216,-15.5484550030001,14.867791807,30.4162468100001
"46","b22-length",1.254210140463,1.251950678004,1.240321738562,0.180150230500122,1.10734249811383,0.928865621171283,0.00225946245899999,0.0138884019009999,0.0116289394419999
"47","b23-k",603.5798890353,600.5745707649,601.6075398614,0.497915574225529,0.326775164270689,-0.171996808853292,3.00531827039993,1.97234917389994,-1.03296909649998
"48","b23-length",1.381088666112,1.39067449348,1.380030729345,-0.694077621749339,0.0766016544019819,0.765367034838262,-0.00958582736799984,0.00105793676700006,0.0106437641349999
"49","b24-k",669.7030665096,641.5730719278,654.4024527477,4.20036819129554,2.28468623290689,-1.99967570043895,28.1299945818,15.3006137619001,-12.8293808198999
"50","b24-length",1.441393771474,1.492266376794,1.432114556296,-3.52940371512614,0.643766843012703,4.03090369342978,-0.0508726053200002,0.0092792151779999,0.0601518204980001
"51","b25-k",600.4776530155,565.6957494359,593.8650982211,5.7923726894633,1.1012158006535,-4.97959350291917,34.7819035796,6.61255479440001,-28.1693487852
"52","b25-length",1.501586407595,1.517002023266,1.512957115763,-1.02662195082667,-0.757246343632777,0.266638240487749,-0.0154156156709999,-0.0113707081679999,0.00404490750300002
"53","b26-k",1338.556990597,1338.271520636,1338.894379964,0.0213266945677576,-0.0252054540352098,-0.0465420744890392,0.28546996099999,-0.337389367000014,-0.622859328000004
"54","b26-length",1.317791710223,1.31329674381,1.303476366569,0.341098398034329,1.08631307534766,0.747765292747951,0.00449496641299985,0.014315343654,0.00982037724100016
"55","b27-k",2687.724097656,2646.062826517,2658.055782492,1.55005758125745,1.10384526409813,-0.453237763473159,41.6612711390003,29.668315164,-11.9929559750003
"56","b27-length",1.157453837528,1.17402612186,1.149339813568,-1.43178792921833,0.701023548146788,2.10270519815094,-0.0165722843320002,0.00811402395999994,0.0246863082920001
"57","b28-k",2349.404717881,2316.819206871,2343.078772061,1.38696882499623,0.269257389833863,-1.13343178061206,32.5855110100001,6.32594582000002,-26.2595651900001
"58","b28-length",1.225366047596,1.212773217988,1.222829881716,1.02767900520056,0.206972103150374,-0.829228711422573,0.012592829608,0.00253616588000005,-0.010056663728
"59","b29-k",922.9703949352,922.9937206499,922.9385043375,-0.00252724408365881,0.00345521350142954,0.00598230639760385,-0.0233257146999222,0.0318905976999986,0.0552163123999208
"60","b29-length",1.322622550558,1.319693397532,1.318072009701,0.221465528828635,0.344054383095185,0.122860948916793,0.00292915302600005,0.00455054085700013,0.00162138783100008
"61","b30-k",935.7833626951,933.253516014,935.4786746251,0.270345336533228,0.0325596801723939,-0.238430241399342,2.52984668110003,0.304688069999997,-2.22515861110003
"62","b30-length",1.338472802194,1.337785523322,1.344385064928,0.0513479893557393,-0.441717061736985,-0.493318360151785,0.000687278872000041,-0.00591226273400003,-0.00659954160600007
"63","b31-k",1902.697248199,1902.69288736,1902.762006966,0.000229192479467165,-0.0034035244998307,-0.00363272530523107,0.00436083899990081,-0.0647587670000576,-0.0691196059999584
"64","b31-length",1.218519372373,1.216750586665,1.215133861738,0.145158603802529,0.277838064109454,0.132872335934607,0.00176878570799999,0.00338551063499981,0.00161672492699982
"65","b32-k",542.8835638291,563.6131464383,564.0967406555,-3.81842147936636,-3.90750028915553,-0.0858025083793771,-20.7295826092,-21.2131768263999,-0.483594217199993
"66","b32-length",1.667214675226,1.662425741554,1.641650065313,0.287241573815369,1.53337241405547,1.24972055723701,0.00478893367199995,0.025564609913,0.0207756762410001
"67","b33-k",864.7801541974,864.820684744,864.7679894624,-0.0046868035076116,0.00140668526456093,0.00609320319571142,-0.0405305466000527,0.0121647349999421,0.0526952815999948
"68","b33-length",1.58859904289,1.588647407045,1.588842709938,-0.00304445323799236,-0.0153384863909183,-0.0122936588782301,-0.0000483641549999803,-0.00024366704799994,-0.00019530289299996
"69","b34-k",578.3171956538,610.8850153295,601.5555978319,-5.6314804263915,-4.01827964873644,1.52719697872568,-32.5678196757,-23.2384021780999,9.32941749760005
"70","b34-length",1.419653358459,1.420055275941,1.406710827205,-0.0283109591228717,0.911668413763268,0.93971333102912,-0.000401917481999803,0.0129425312540001,0.0133444487359999
"71","b35-k",620.3703294578,658.5529205731,599.1246126527,-6.15480613791947,3.42468293473492,9.02407476512033,-38.1825911152999,21.2457168051001,59.4283079204
"72","b35-length",1.379823478248,1.361390651264,1.36590477579,1.3358829788434,1.00873065848052,-0.331581866072673,0.018432826984,0.0139187024579999,-0.00451412452600009
"73","b36-k",472.7986168038,469.436311196,493.1562402839,0.71114962867906,-4.3057705239751,-5.05285350156826,3.36230560779995,-20.3576234801,-23.7199290879
"74","b36-length",1.320508819182,1.310752796438,1.313617720874,0.738807844543103,0.521851744410817,-0.218570919229443,0.00975602274400011,0.00689109830799994,-0.00286492443600017
"75","b37-k",661.890337193,666.4113373476,668.8326163571,-0.683043685721867,-1.04885640022204,-0.363331005012164,-4.52100015459996,-6.9422791641,-2.42127900950004
"76","b37-length",1.358867129801,1.35857299125,1.369753572248,0.0216458654823079,-0.80114105406276,-0.822965057454371,0.000294138551000023,-0.0108864424470001,-0.0111805809980001
"77","b38-k",1089.095154418,1081.053187169,1054.545767335,0.738408137835993,3.17230197406055,2.4519996008167,8.04196724899998,34.5493870830001,26.5074198340001
"78","b38-length",1.308551882841,1.335884009158,1.318331496439,-2.08873080810973,-0.747361547237042,1.31392490655406,-0.0273321263169999,-0.00977961359799995,0.0175525127189999
"79","b39-k",2440.219143191,2440.22043638,2440.218999138,-0.0000529947895740608,0.00000590328128469067,0.0000588980396458593,-0.00129318900008002,0.000144052999985433,0.00143724200006545
"80","b39-length",1.145334803355,1.137700043799,1.142752249496,0.666596311719133,0.225484622612956,-0.444071855717775,0.00763475955600001,0.00258255385899986,-0.00505220569700016
"81","b40-k",3236.625411136,3236.625185771,3236.627009469,0.00000696296207866068,-0.0000493826994760624,-0.0000563456654780504,0.000225365000005695,-0.00159833299994716,-0.00182369799995286
"82","b40-length",1.117035355131,1.121674570665,1.12353515748,-0.415315013324352,-0.581879733630982,-0.165875813151139,-0.00463921553400004,-0.00649980234900016,-0.00186058681500012
"83","b41-k",436.4925993782,438.6376191949,488.0359580449,-0.491421806407643,-11.8085297987012,-11.2617652222052,-2.14501981670003,-51.5433586667,-49.39833885
"84","b41-length",1.352286461624,1.360714192833,1.327661661256,-0.62322085210251,1.82097514593376,2.42905760453522,-0.00842773120899998,0.0246248003680001,0.0330525315770001
"85","b42-k",1181.979770202,1188.390375927,1187.08732952,-0.542361712663178,-0.432119013096728,0.109648010737513,-6.41060572499987,-5.10755931799986,1.30304640700001
"86","b42-length",1.272967337826,1.268507759699,1.268524237563,0.350329344240379,0.349034899087679,-0.00129899591657617,0.00445957812700004,0.0044431002630001,-0.0000164778639999419
"87","b43-k",425.3980361958,430.8776608396,434.5347282892,-1.28811705216192,-2.14779837140448,-0.848748445782476,-5.47962464380004,-9.13669209340003,-3.65706744959999
"88","b43-length",1.417654481737,1.389543030093,1.378084858726,1.98295508575235,2.79120360572746,0.824599966956996,0.028111451644,0.0395696230110001,0.0114581713670001
"89","b44-k",474.0210361996,474.0422957437,474.0437392933,-0.00448493684381766,-0.00478946965771965,-0.000304519156410149,-0.0212595440999621,-0.0227030936999881,-0.00144354960002602
"90","b44-length",1.807204863403,1.804002838499,1.803954916643,0.177181069442822,0.179832780766222,0.00265641799320899,0.00320202490400012,0.00324994676000001,0.0000479218559998884
"91","b45-k",589.5574217095,589.6377162877,589.5884787933,-0.0136194669498278,-0.00526786410559033,0.00835046555534103,-0.0802945781999824,-0.0310570838000785,0.0492374943999039
"92","b45-length",1.343434299302,1.342285373892,1.346513498864,0.0855215182906267,-0.229203583948966,-0.314994490310238,0.00114892541000011,-0.00307919956199987,-0.00422812497199998
"93","b46-k",273.3607326238,272.9278539118,272.7230564141,0.158354386837161,0.233272790711168,0.0750372286172832,0.43287871199999,0.637676209700032,0.204797497700042
"94","b46-length",2.101256208464,2.101527739456,2.102874357333,-0.0129223171789376,-0.0770086419010639,-0.0640780443539928,-0.000271530991999835,-0.00161814886899991,-0.00134661787700008
"95","b47-k",750,750,750,0,0,0,0,0,0
"96","b47-length",1.6,1.6,1.6,0,0,0,0,0,0
"97","b48-k",176.8242039027,176.7963500029,176.7912505071,0.0157523117227323,0.0186362471158849,0.00288438975121754,0.0278538997999931,0.0329533956000034,0.00509949580001035
"98","b48-length",2.186801428667,2.186930059631,2.186903633321,-0.00588215108667877,-0.00467370528755855,0.00120837472069346,-0.000128630963999843,-0.000102204654000015,0.0000264263099998274
"99","b49-k",162.4657673725,162.4568124154,162.4613023342,0.00551190398126776,0.00274829483909688,-0.00276376147804982,0.00895495710000205,0.00446503829999756,-0.00448991880000449
"100","b49-length",2.329554946939,2.329937378296,2.329885140801,-0.0164164986751015,-0.0141741177830573,0.00224201283203729,-0.000382431357000002,-0.000330193862000172,0.0000522374949998294
"101","b50-k",150,150,150,0,0,0,0,0,0
"102","b50-length",2.6,2.6,2.6,0,0,0,0,0,0
"103","b51-k",280.9754267567,302.3103534352,324.2204701859,-7.59316461399101,-15.3910411057571,-7.24755751886494,-21.3349266785,-43.2450434292,-21.9101167507
"104","b51-length",1.802285070249,1.806159931067,1.824689003075,-0.214997110166628,-1.24308485909527,-1.02588213199115,-0.00387486081799993,-0.022403932826,-0.018529072008
"105","b52-k",365.1121821496,370.4750647512,384.2703258801,-1.46883146161435,-5.24719378512826,-3.72366791761396,-5.36288260160001,-19.1581437305,-13.7952611289
"106","b52-length",1.762285642167,1.751087103752,1.758374354575,0.635455351110371,0.22194401965339,-0.416155815857806,0.011198538415,0.00391128759199999,-0.00728725082299997
"107","b53-k",194.9936941661,230.5675645156,241.8149913637,-18.2436003900708,-24.011698120718,-4.87814791804291,-35.5738703495,-46.8212971976,-11.2474268481
"108","b53-length",1.666974333764,1.623747739553,1.617143023664,2.59311696259864,2.98932677550479,0.406757510918421,0.0432265942109999,0.0498313100999999,0.00660471588899991
"109","b54-k",389.1107850666,405.3271043278,393.4149594642,-4.16753271396074,-1.1061565401903,2.93889669267374,-16.2163192612,-4.30417439760004,11.9121448636
"110","b54-length",1.668797245615,1.652732731159,1.666543045693,0.962640278692433,0.13507931703047,-0.835604830329413,0.0160645144559999,0.00225419992200004,-0.0138103145339998
"111","b55-k",991.9416637116,991.0172610814,990.7548629374,0.0931912292847062,0.119644210704812,0.0264776562734727,0.924402630200007,1.18680077419992,0.262398143999917
"112","b55-length",1.518365940501,1.513997346546,1.514822638117,0.287716803866039,0.233362873170796,-0.0545107673327756,0.004368593955,0.00354330238399991,-0.000825291571000086
"113","b56-k",332.7967625232,358.3240913591,342.089406357,-7.67054602405287,-2.79228793073134,4.53072662251732,-25.5273288359,-9.29264383379996,16.2346850021
"114","b56-length",1.83163935697,1.841765640213,1.827188169779,-0.552853551899621,0.243016572780103,0.791494320217319,-0.010126283243,0.00445118719100002,0.014577470434
"115","b57-k",335.2844938401,317.8052863063,342.3311204523,5.21324661740427,-2.10168580464105,-7.71725178994099,17.4792075338,-7.04662661219999,-24.525834146
"116","b57-length",1.796264554872,1.782155171915,1.771688917744,0.785484683685999,1.36815242840168,0.587280745018037,0.014109382957,0.0245756371279999,0.0104662541709999
"117","b57a-k",334.608811796,236.329098419,271.6770430357,29.3715257675037,18.8075646969714,-14.9570852058302,98.279713377,62.9317687603,-35.3479446167
"118","b57a-length",1.739290000881,1.789235731106,1.752713658513,-2.87161601571338,-0.771789501762253,2.04121077832624,-0.0499457302250002,-0.0134236576320002,0.036522072593
"119","b58-k",290.4876917748,256.0731498294,344.3983621376,11.8471601103429,-18.5586762844996,-34.4921802098516,34.4145419454,-53.9106703628,-88.3252123082
"120","b58-length",1.84420913088,1.835661378092,1.858543546566,0.463491512154117,-0.777266278860695,-1.24653537668173,0.00854775278800002,-0.0143344156860001,-0.0228821684740002
"121","b59-k",1140.451821084,1201.684929837,1235.760360626,-5.36919733222908,-8.35708600573843,-2.83563769029058,-61.2331087530001,-95.3085395420001,-34.0754307889999
"122","b59-length",1.48043501819,1.463741464142,1.470427367261,1.12761140089821,0.675993934623041,-0.456768034710225,0.016693554048,0.0100076509289999,-0.00668590311900008
"123","b60-k",499.5822710564,499.6153964021,499.6131666169,-0.00663060873436411,-0.00618427880450944,0.000446300337425518,-0.0331253457000003,-0.0308955605000278,0.00222978519997241
"124","b60-length",1.411705067936,1.415117741715,1.41492734757,-0.241741271354197,-0.228254449685527,0.0134542970798574,-0.00341267377900012,-0.00322227963400001,0.000190394145000106
"125","b61-k",356.0195037055,365.5483432663,365.2949958019,-2.67649369251475,-2.60533257303586,0.0693061448825787,-9.52883956080001,-9.2754920964,0.253347464400008
"126","b61-length",1.846557405399,1.844036800864,1.837746364528,0.136502906848719,0.477160409161282,0.341123145321861,0.00252060453499992,0.00881104087099982,0.0062904363359999
"127","b62-k",543.203231730445,543.203231730445,543.203231730445,0,0,0,0,0,0
"128","b62-length",1.66159561255883,1.66159561255883,1.66159561255883,0,0,0,0,0,0
"129","b63-k",733.874030833,733.9567266227,733.9317104805,-0.0112683902448649,-0.00785961146962925,0.00340839470401936,-0.0826957896999829,-0.057679647499981,0.0250161422000019
"130","b63-length",1.601317589549,1.60346847599,1.602409122177,-0.134319791091898,-0.0681646561009503,0.0660663947475408,-0.00215088644100003,-0.0010915326280001,0.00105935381299993
"131","b64-k",503.9075412178,499.4589176106,498.2554530134,0.882825368409635,1.12165183929189,0.240953671016101,4.44862360719998,5.6520882044,1.20346459720002
"132","b64-length",1.65315684971,1.655165676704,1.658687290744,-0.121514603671899,-0.334538191882409,-0.212765047606159,-0.00200882699399996,-0.00553044103400002,-0.00352161404000007
"133","b65-k",1310.25019775,1309.946725119,1310.322775464,0.0231614260788769,-0.00553922557115391,-0.0287073006702548,0.303472631000204,-0.0725777139998627,-0.376050345000067
"134","b65-length",1.50900232257,1.520512652751,1.523767182382,-0.762777499334569,-0.978451761880249,-0.214041601371205,-0.011510330181,-0.014764859812,-0.00325452963100004
"135","b66-k",261.9537532314,262.8301519786,262.2750611188,-0.334562393700767,-0.122658249189568,0.211197556909365,-0.876398747199971,-0.321307887399996,0.555090859799975
"136","b66-length",2.109917427425,2.103948100685,2.100016289317,0.282917552242099,0.469266615807042,0.186877773587662,0.00596932674000028,0.00990113810800031,0.00393181136800003
"137","b67-k",447.2504231689,446.4186618998,446.374935246,0.185972159222733,0.195748931146203,0.00979498787391499,0.831761269100014,0.875487922899993,0.043726653799979
"138","b67-length",1.954856408044,1.942928796762,1.941487940392,0.610152808816006,0.683859315548212,0.0741589898920217,0.0119276112820002,0.0133684676520001,0.00144085636999991
"139","b68-k",710.1945186755,732.8596261931,707.1412096957,-3.19139431825945,0.429925731543858,3.50932369286004,-22.6651075175999,3.05330897980002,25.7184164974
"140","b68-length",1.351036117403,1.353713136039,1.361188837019,-0.198145601106946,-0.751476550864969,-0.552236716995599,-0.00267701863600012,-0.0101527196160001,-0.00747570097999994
"141","b69-k",535.7033772882,611.3025880378,503.0596541159,-14.1121400302333,6.09361907284341,17.7069320562416,-75.5992107495999,32.6437231723,108.2429339219
"142","b69-length",1.370653919259,1.367637164675,1.362515768769,0.220096009766694,0.593742182154896,0.374470366723119,0.00301675458399986,0.00813815049,0.00512139590600014
"143","b70-k",368.4266150848,374.2190268124,361.222962923,-1.57220230310092,1.95524749484831,3.4728495769177,-5.79241172759998,7.20365216179999,12.9960638894
"144","b70-length",1.722215272811,1.736978650684,1.738019638707,-0.857231851678047,-0.917676561432647,-0.0599309624554155,-0.0147633778729999,-0.0158043658959999,-0.00104098802300001
"145","b71-k",243.9998472975,244.3772733039,244.0203813392,-0.154682886313381,-0.008415596127383,0.146041389150048,-0.377426006400015,-0.0205340416999888,0.356891964700026
"146","b71-length",1.785584712269,1.780457715173,1.782181800417,0.287132672046957,0.190576892186529,-0.0968338213992572,0.00512699709599995,0.00340291185200003,-0.00172408524399992
"147","b72-k",307.3240888512,355.4444227215,312.6466286496,-15.6578464285626,-1.73189801629156,12.0406430192979,-48.1203338703,-5.32253979840004,42.7977940719
"148","b72-length",1.918619202782,1.912073969618,1.905670323968,0.341142898732032,0.674906140584025,0.334905749032262,0.00654523316399991,0.012948878814,0.00640364565000007
"149","b73-k",208.6532205069,211.506893081,211.1893301466,-1.36766284611726,-1.21546632903092,0.150143066154519,-2.85367257409999,-2.53610963970002,0.317562934399973
"150","b73-length",1.956125723081,1.950654253641,1.958394455253,0.27970949798575,-0.11598089760951,-0.396800283676738,0.00547146943999999,-0.00226873217199985,-0.00774020161199984
"151","b74-k",72.93341107584,127.6457826759,100.8229945186,-75.0168829251208,-38.2397902845363,21.0134542599066,-54.71237160006,-27.88958344276,26.8227881573
"152","b74-length",2.198076696503,2.198279369082,2.118871732837,-0.00922045073869816,3.60337579630457,3.61226318009619,-0.000202672578999863,0.0792049636660002,0.079407636245
"153","b75-k",296,296,296,0,0,0,0,0,0
"154","b75-length",2.166,2.166,2.166,0,0,0,0,0,0
"155","b76-k",454.200954174,454.1538103677,454.151937899,0.0103795040205854,0.0107917595834041,0.000412298357343206,0.0471438063000278,0.0490162749999854,0.00187246869995761
"156","b76-length",1.451207387384,1.448384749699,1.448875108164,0.19450270922945,0.160713020087657,-0.0338555390825325,0.0028226376849998,0.00233227922000001,-0.000490358464999785
"157","b77-k",294.4949955218,294.4314224375,294.5134383854,0.021587152673804,-0.00626253888196734,-0.0278557048092969,0.0635730843000033,-0.0184428636000007,-0.082015947900004
"158","b77-length",1.790010591282,1.789179915885,1.792118781553,0.0464061721782922,-0.117775295926612,-0.164257693813111,0.000830675396999991,-0.00210819027100007,-0.00293886566800006
"159","b78-k",322.5593272257,322.6014885995,322.6035050825,-0.0130708896755952,-0.0136960407190877,-0.000625069341368536,-0.0421613738000133,-0.0441778568000473,-0.00201648300003399
"160","b78-length",1.874625497662,1.873932881616,1.874165292442,0.0369469020273087,0.0245491817205073,-0.0124023025733823,0.000692616046000127,0.00046020522000001,-0.000232410826000118
"161","b79-k",160,160,160,0,0,0,0,0,0
"162","b79-length",2.1,2.1,2.1,0,0,0,0,0,0
"163","b80-k",880,880,880,0,0,0,0,0,0
"164","b80-length",1.64,1.64,1.64,0,0,0,0,0,0
"165","b81-k",283.910296871,283.9490589451,283.9479665671,-0.0136529300018928,-0.0132681683317483,0.000384709146074047,-0.0387620740999637,-0.0376696961000107,0.00109237799995299
"166","b81-length",2.058765007678,2.058419028723,2.058365127908,0.0168051697842975,0.0194232837895001,0.00261855405765795,0.000345978954999993,0.000399879770000222,0.0000539008150002296
"167","b82-k",232.7738856239,232.77388764,232.773879176,-0.000000866119499129422,0.00000277002721341346,0.00000363614668104951,-0.00000201610001226982,0.00000644789997750195,0.00000846399998977176
"168","b82-length",2.272769579468,2.272769667522,2.272769684194,-0.00000387430388398575,-0.00000460785821924876,-0.000000733554306842883,-0.0000000880540000913754,-0.000000104725999872102,-0.0000000166719997807263
"169","b83-k",140,140,140,0,0,0,0,0,0
"170","b83-length",2.6,2.6,2.6,0,0,0,0,0,0
"171","b84-k",719.6424928981,714.4847599338,715.102048691,0.716707672934815,0.630930531744311,-0.0863963504634117,5.15773296430007,4.54044420709999,-0.617288757200072
"172","b84-length",1.090139506109,1.090048924366,1.093137673212,0.00830918818117402,-0.275026002286735,-0.283358735278451,0.0000905817429999178,-0.00299816710299994,-0.00308874884599986
"173","b85-k",775.3853383846,781.4126263142,775.0719183523,-0.777328075632298,0.0404211966340423,0.81144170805226,-6.02728792959999,0.313420032299973,6.34070796189997
"174","b85-length",1.081823673944,1.085839461372,1.087411199644,-0.371205356725064,-0.516491350168883,-0.144748678595086,-0.00401578742800002,-0.00558752569999998,-0.00157173827199997
"175","b86-k",932.1739669865,932.0865980409,930.9180956938,0.00937260089792709,0.134724990954206,0.125364139936784,0.0873689456000193,1.25587129270002,1.1685023471
"176","b86-length",1.084500073436,1.068595018036,1.07014949352,1.46657946731237,1.32324379384626,-0.145469093320032,0.0159050554,0.014350579916,-0.00155447548400001
"177","b87-k",964.6719203843,957.9459724974,970.6156802622,0.697226460600262,-0.616143141756646,-1.32259105717305,6.72594788690003,-5.94375987789999,-12.6697077648
"178","b87-length",1.022553377106,1.025234134562,1.015739854736,-0.26216308273187,0.666324372159772,0.926059668317246,-0.00268075745599994,0.0068135223700001,0.00949427982600004
"179","b88-k",1069.809209734,1057.933888025,1074.590502073,1.1100410803112,-0.446929442698365,-1.57444753746335,11.875321709,-4.78129233899995,-16.6566140479999
"180","b88-length",0.981124525388,0.9763682949161,0.9735712492854,0.484773374717044,0.769859065505776,0.286474442611883,0.00475623047189999,0.00755327610260004,0.00279704563070005
"181","a1-k",121.1883270155,128.2223469241,117.7773710075,-5.8042058025113,2.81459121682878,8.1459871599315,-7.03401990860002,3.410956008,10.4449759166
"182","a1-angle",110.0631999136,109.90221798,110.0820135258,0.146263177634641,-0.0170934628602117,-0.163595921087516,0.160981933599999,-0.0188136121999918,-0.17979554579999
"183","a2-k",75.08254435747,75.98039659845,86.41055613974,-1.1958202118262,-15.0874106348035,-13.7274349809103,-0.897852240980001,-11.32801178227,-10.43015954129
"184","a2-angle",108.5839257083,108.3161373094,108.4098907224,0.246618822402298,0.160276933040288,-0.0865553511497417,0.267788398899995,0.174034985900008,-0.0937534129999875
"185","a3-k",122.716552253,136.0644400321,132.0475296411,-10.8770068373345,-7.60368280952245,2.95221175352822,-13.3478877791,-9.3309773881,4.01691039100001
"186","a3-angle",60.85328214995,62.79113536364,61.61240062453,-3.18446786307252,-1.24745691236413,1.87723112869937,-1.93785321369,-0.759118474579999,1.17873473911001
"187","a4-k",64.11672720227,59.85222346752,55.75563232642,6.65115629077059,13.0404267976329,6.84450953325585,4.26450373475,8.36109487585,4.0965911411
"188","a4-angle",116.9378850233,114.3043069174,115.7596335316,2.25211710077983,1.00758748241875,-1.27320365561699,2.6335781059,1.1782514917,-1.4553266142
"189","a5-k",104.4915917827,104.9403238854,102.8839805565,-0.429443264328087,1.53850773901805,1.95953590837553,-0.448732102700006,1.60761122619999,2.0563433289
"190","a5-angle",117.2642149656,116.0838568173,116.7284579243,1.00658001134128,0.45688025239172,-0.555289188930476,1.1803581483,0.535757041300002,-0.644601107
"191","a6-k",35.92183082353,57.4960927993,54.83319953046,-60.0589153758782,-52.6458932447909,4.63143344041705,-21.57426197577,-18.91136870693,2.66289326884
"192","a6-angle",113.9737197428,114.3011043721,116.4046460453,-0.287245717731066,-2.13288318393554,-1.84035113637402,-0.327384629299999,-2.4309263025,-2.1035416732
"193","a7-k",123.3865012309,136.1699478655,134.5969136625,-10.3604904159472,-9.08560686928088,1.15519924010969,-12.7834466346,-11.2104124316,1.57303420300002
"194","a7-angle",95.54319985822,95.96089089177,96.36740791666,-0.437175051882108,-0.862654861531815,-0.42362781453174,-0.41769103355,-0.824208058439993,-0.406517024889993
"195","a8-k",116.3733322438,92.91385164362,105.3772692295,20.1588114285778,9.44895432852558,-13.4139499820593,23.45948060018,10.9960630143,-12.46341758588
"196","a8-angle",119.6176402745,118.127679347,120.286850642,1.24560300979089,-0.559457924403364,-1.82782842000768,1.48996092750001,-0.6692103675,-2.15917129500001
"197","a9-k",155.3758694614,121.2524877706,136.7858108139,21.9618283129075,11.9645725632565,-12.8107252303869,34.1233816908,18.5900586475,-15.5333230433
"198","a9-angle",113.5521836954,112.842542734,113.04654396,0.624946996443139,0.445292832726468,-0.180783967692818,0.709640961399998,0.50563973540001,-0.204001225999988
"199","a10-k",147.0414413301,138.9042508663,137.219339821,5.5339436217389,6.67981857376515,1.21300178705242,8.13719046380001,9.82210150910001,1.6849110453
"200","a10-angle",119.8314000445,120.4644847127,120.081593052,-0.528312836172238,-0.208787519303865,0.317846095148432,-0.633084668199999,-0.250193007500002,0.382891660699997
"201","a11-k",61.76277021281,79.39748872605,62.65433088223,-28.5523438350931,-1.44352441826692,21.0877675257336,-17.63471851324,-0.891560669420002,16.74315784382
"202","a11-angle",119.6660147945,119.9651233323,119.8897253374,-0.249952785938136,-0.186945761738759,0.0628499290507549,-0.299108537799995,-0.223710542899994,0.0753979949000012
"203","a12-k",48.36265688271,54.36130300929,51.40389530435,-12.4034668755441,-6.28840228735917,5.44028112136053,-5.99864612658,-3.04123842164,2.95740770494
"204","a12-angle",115.9051715467,113.9154102913,113.7934766129,1.7167148185431,1.8219160591546,0.107038791405138,1.9897612554,2.11169493380001,0.121933678400012
"205","a13-k",94.63724536934,48.11926052885,44.61013062863,49.1539928692394,52.8619726255446,7.29256821832515,46.51798484049,50.02711474071,3.50912990022
"206","a13-angle",123.3883854468,123.2072174673,122.999887912,0.146827417219196,0.314857458741528,0.16827711846915,0.181167979500003,0.388497534799995,0.207329555299992
"207","a14-k",83.72517627035,79.70861298212,75.5302957448,4.79731840188721,9.7878331113793,5.24198964327389,4.01656328823,8.19488052555,4.17831723732
"208","a14-angle",124.7638724138,124.544096532,125.2961722769,0.17615346297611,-0.426645833286204,-0.603863021887,0.219775881800004,-0.532299863099993,-0.752075744899997
"209","a15-k",157.683696058,131.9809372718,158.2768529539,16.3002006096723,-0.376168818164826,-19.9240255643484,25.7027587862,-0.593156895899995,-26.2959156821
"210","a15-angle",123.884602033,124.3779107805,125.0304366583,-0.398200211652295,-0.924920939726462,-0.524631643758327,-0.493308747500009,-1.14583462530001,-0.652525877800002
"211","a16-k",90.9419905012,123.5136970682,118.1699670034,-35.8159156045416,-29.9399390228222,4.32642710212891,-32.571706567,-27.2279765022,5.3437300648
"212","a16-angle",178.032164884663,178.032164884663,178.032164884663,0,0,0,0,0,0
"213","a17-k",92.84676041839,95.5569486475,96.65315538358,-2.91899062164067,-4.09965296369788,-1.14717637136343,-2.71018822910999,-3.80639496518999,-1.09620673608001
"214","a17-angle",176.023454546747,176.023454546747,176.023454546747,0,0,0,0,0,0
"215","a18-k",229.7366557677,238.3894522627,158.7884624202,-3.76639786371285,30.8824001596157,33.3911543010642,-8.65279649499999,70.9481933475,79.6009898425
"216","a18-angle",113.0535542176,114.1113215938,113.267468144,-0.935633898040981,-0.189214684916743,0.739500198590148,-1.0577673762,-0.213913926400011,0.843853449799994
"217","a18a-k",265.3585554223,235.4446551157,200.240654475,11.2730114388037,24.5395897802011,14.9521341324994,29.9139003066,65.1179009473,35.2040006407
"218","a18a-angle",105.8401571906,105.4020584452,105.511155717,0.413924881660046,0.310847491474834,-0.103505826555292,0.438098745399998,0.329001473600002,-0.109097271799996
"219","a19-k",93.85648326614,123.0162586899,94.76430878703,-31.0684722131282,-0.967248600521037,22.9660292092671,-29.15977542376,-0.90782552089,28.25194990287
"220","a19-angle",109.8280614024,110.3554626301,109.634999673,-0.480206261465056,0.175785429456539,0.652856632493969,-0.527401227700011,0.1930617294,0.720462957100011
"221","a20-k",151.142556131,151.1986317676,131.9938932477,-0.0371011567062628,12.6692728861243,12.7016615794637,-0.0560756366000135,19.1486628833,19.2047385199
"222","a20-angle",119.1748379248,119.1364108913,119.7557320761,0.0322442506901057,-0.48743020038051,-0.51984207025094,0.0384270334999997,-0.580894151300001,-0.6193211848
"223","a21-k",71.15425408676,78.45441992466,77.65654604239,-10.2596337093194,-9.13830387105402,1.01699035317092,-7.3001658379,-6.50229195563,0.797873882269997
"224","a21-angle",117.5760620116,117.8335766081,117.713787239,-0.219019579406049,-0.117137132375134,0.101659792181654,-0.257514596500002,-0.137725227399997,0.119789369100005
"225","a22-k",272.4286544662,273.4580862007,246.9935668881,-0.377872047460312,9.33642154050859,9.67772417348698,-1.02943173450001,25.4350875781,26.4645193126
"226","a22-angle",118.7711698022,118.5730894527,117.9636721775,0.166774773566585,0.679876796738469,0.513959177426261,0.198080349500003,0.807497624700005,0.609417275200002
"227","a22a-k",284.6150923095,247.5724053606,255.5387636543,13.015011483867,10.2160178574021,-3.21778926940451,37.0426869489,29.0763286552,-7.96635829370001
"228","a22a-angle",107.4649958639,107.8562538254,108.4818764539,-0.364079445920712,-0.946243548259972,-0.580052251316616,-0.391257961500003,-1.01688059,-0.625622628499997
"229","a23-k",150.340273506,150.5641567823,150.8310406712,-0.148917699215883,-0.326437589712388,-0.177255925051195,-0.2238832763,-0.490767165199998,-0.266883888899997
"230","a23-angle",145.0942288799,145.6808028495,145.5333698867,-0.404271054836743,-0.302659182374171,0.101202739081763,-0.586573969600011,-0.439141006800014,0.147432962799996
"231","a24-k",214.9469380689,226.3164884998,230.0369232853,-5.28946843022976,-7.02033039036033,-1.64390796718432,-11.3695504309,-15.0899852164,-3.7204347855
"232","a24-angle",115.552080361,119.4844595216,119.9131493918,-3.40312277227267,-3.77411554787716,-0.358782951286235,-3.93237916060001,-4.36106903080001,-0.428689870200003
"233","a25-k",147.381217677,163.8920087405,169.5674824053,-11.2027782941005,-15.0536581784277,-3.46293495846179,-16.5107910635,-22.1862647283,-5.67547366480002
"234","a25-angle",121.0803418862,123.1260552167,123.1976009348,-1.68955034205528,-1.74863980033187,-0.0581076994419079,-2.04571333049999,-2.11725904859999,-0.0715457180999977
"235","a26-k",136.5596518574,145.2091012951,133.6601385182,-6.3338250501195,2.12325771174913,7.95333258996605,-8.64944943769999,2.89951333920001,11.5489627769
"236","a26-angle",124.9682447718,125.3501394975,124.646996987,-0.305593414068796,0.257063532729156,0.560942742719504,-0.381894725699993,0.321247784800008,0.703142510500001
"237","a27-k",101.8769252507,97.89690013814,89.17892899096,3.90669928717019,12.4640552593167,8.90525760762422,3.98002511256,12.69799625974,8.71797114717999
"238","a27-angle",175.865369077313,175.865369077313,175.865369077313,0,0,0,0,0,0
"239","a28-k",237.851218935,233.3519680758,228.6503126793,1.8916240494145,3.86834521887165,2.01483425885346,4.4992508592,9.2009062557,4.7016553965
"240","a28-angle",111.9874516071,112.2853334711,112.4312567015,-0.265995751957194,-0.396298949597553,-0.129957516168003,-0.297881864000004,-0.443805094400005,-0.145923230400001
"241","a29-k",329.0368535669,222.9803757541,379.3595720779,32.2324009189556,-15.2939459411553,-70.1313717832519,106.0564778128,-50.322718511,-156.3791963238
"242","a29-angle",108.1782929371,110.2884384542,110.1157945569,-1.95061824309517,-1.79102624675965,0.156538527265213,-2.11014551710001,-1.9375016198,0.172643897300006
"243","a30-k",308.4405595435,300.9640073268,305.3906812335,2.42398477935764,0.988805854364256,-1.47083166057572,7.47655221669999,3.04987831,-4.42667390669999
"244","a30-angle",125.1570722794,125.208314377,125.1690001937,-0.0409422309636672,-0.00953035580232735,0.0313990197021731,-0.0512420975999959,-0.0119279143000028,0.039314183299993
"245","a31-k",197.5762430878,194.0680910418,184.986788685,1.77559406494082,6.37194745990055,4.67944127653834,3.50815204600002,12.5894544028,9.08130235679999
"246","a31-angle",117.3713508414,119.2306514743,115.6523243305,-1.58411794664646,1.46460486189928,3.00118056854811,-1.8593006329,1.71902651090001,3.57832714380001
"247","a32-k",134.3906472803,133.1488977613,143.7011459914,0.923985071974589,-6.92793650415346,-7.92514876767313,1.241749519,-9.31049871110002,-10.5522482301
"248","a32-angle",106.8069820626,107.8220357475,105.5586110446,-0.950362668523926,1.16881030986188,2.09922274904968,-1.0150536849,1.248371018,2.2634247029
"249","a33-k",231.9047915019,215.843790655,225.2939102874,6.9256873663037,2.85068763421641,-4.37822167768767,16.0610008469,6.61088121450001,-9.4501196324
"250","a33-angle",104.5813282082,104.1336844124,105.3381917089,0.428034146696662,-0.723708059237145,-1.15669324800782,0.447643795800005,-0.756863500699993,-1.2045072965
"251","a34-k",190.2357159589,128.5997172341,172.9326820106,32.3998037982081,9.09557590754319,-34.4736098414565,61.6359987248,17.3030339483,-44.3329647765
"252","a34-angle",101.2115918366,101.9862741829,101.5577009945,-0.765408716770989,-0.341965926648773,0.420226341077442,-0.774682346300011,-0.346109157900003,0.428573188400009
"253","a35-k",140,140,140,0,0,0,0,0,0
"254","a35-angle",180,180,180,0,0,0,0,0,0
"255","a36-k",260.0878085059,260.2541282947,260.4534400456,-0.0639475528497335,-0.140580037872757,-0.0765835117413787,-0.166319788800024,-0.365631539700018,-0.199311750899994
"256","a36-angle",112.654344981,112.6845507357,112.7713845355,-0.026812773803887,-0.103892623511104,-0.0770591880014429,-0.0302057547000061,-0.11703955450001,-0.0868337998000044
"257","a37-k",219.4156240153,220.375223993,252.7395668539,-0.437343503684618,-15.1875888456677,-14.6860170006806,-0.95959997769998,-33.3239428386,-32.3643428609
"258","a37-angle",92.71824501964,93.60760988289,92.23486857554,-0.959212356814583,0.52133907840641,1.46648473245647,-0.889364863250009,0.483376444099989,1.37274130735
"259","a38-k",283.1221563133,226.8846750774,243.1303458726,19.8633275361425,14.1252846338333,-7.16032089415379,56.2374812359,39.9918104407,-16.2456707952
"260","a38-angle",99.19186516382,104.3032883986,102.269891597,-5.15306696404816,-3.10310369514324,1.94950402122441,-5.11142323478001,-3.07802643318,2.03339680160001
"261","a39-k",171.0404573417,169.8531743897,171.8358221689,0.69415328423034,-0.465015610669838,-1.1672715486913,1.187282952,-0.79536482719999,-1.98264777919999
"262","a39-angle",94.99788292909,95.35710290744,94.7760589146,-0.378134719715947,0.233504166251341,0.609334779606292,-0.359219978349998,0.221824014489997,0.581043992839994
"263","a40-k",136.7523220166,132.9239977586,143.152868833,2.79945832110646,-4.6803935187463,-7.69527793843247,3.82832425800001,-6.40054681640001,-10.2288710744
"264","a40-angle",108.3772583309,107.8426851538,107.9447584905,0.49325216870483,0.399068814861029,-0.0946502180972496,0.5345731771,0.432499840399998,-0.102073336700002
"265","t1-k1",0.1526959283148,0.1528116487963,0.1401050840488,-0.0757849163216857,8.24569744914385,8.31518071272041,-0.000115720481499992,0.012590844266,0.0127065647475
"266","t2-k1",0.42948937236,0.4167751942044,0.3880567352508,2.96030099318567,9.64695281783853,6.89063537200719,0.0127141781556,0.0414326371092,0.0287184589536
"267","t2-k2",0.2543919562345,0.06902527464539,0.2142333293151,72.8665655679136,15.7861229237852,-210.369397899104,0.18536668158911,0.0401586269194,-0.14520805466971
"268","t2-k3",0.8736160241398,0.8937614908368,0.7490153372088,-2.30598639909749,14.2626375304513,16.1951656131972,-0.020145466697,0.124600686931,0.144746153628
"269","t3-k1",0.2516073078789,0.2158339614466,0.2174573182265,14.2179282207168,13.5727336142544,-0.752132226559552,0.0357733464323,0.0341499896524,-0.0016233567799
"270","t4-k1",0.08586880062944,0.1243825414376,0.09898204498851,-44.851844355394,-15.2712559893077,20.4212714706693,-0.03851374080816,-0.01311324435907,0.02540049644909
"271","t5-k1",-0.07074403224063,-0.1310606959358,-0.1329581026066,-85.2604266180472,-87.9424997353189,-1.44773126470306,0.06031666369517,0.06221407036597,0.00189740667079999
"272","t5-k2",0.3931231741139,0.5069449164299,0.4804312447412,-28.9532008822818,-22.2088333571514,5.23008927191132,-0.113821742316,-0.0873080706273,0.0265136716887
"273","t6-k1",0.07374657685912,0.06490664559822,0.07438064875314,11.9869038501776,-0.859798408312946,-14.596353066164,0.00883993126090001,-0.000634071894019997,-0.00947400315492
"274","t6-k2",-0.1972790277243,-0.2137050994702,-0.1461557179345,-8.32631422375806,25.914214186642,31.6086895928842,0.0164260717459,-0.0511233097898,-0.0675493815357
"275","t7-k1",0.6406243801433,0.638285511241,0.6584099318566,0.365092084346975,-2.77628392933181,-3.15288695437763,0.00233886890230006,-0.0177855517133,-0.0201244206156
"276","t7-k2",-1.405165265086,-1.530608344447,-1.461179230034,-8.92728296648597,-3.98629017808605,4.53604703416695,0.125443079361,0.056013964948,-0.0694291144129999
"277","t8-k1",1.077457566744,1.105209256572,1.138435828337,-2.57566429384904,-5.65945829099069,-3.00636024964702,-0.0277516898279999,-0.0609782615929999,-0.033226571765
"278","t8-k2",-0.1136715754252,-0.0842912824698,-0.1340664438044,25.8466488614238,-17.9419246217983,-59.0513750368355,-0.0293802929554,0.0203948683792,0.0497751613346
"279","t9-k1",0.1006464828354,0.1370747525629,0.1295414159221,-36.1942799204179,-28.7093321819855,5.49578715259263,-0.0364282697275,-0.0288949330867,0.0075333366408
"280","t9-k2",0.482791305955,0.3561475795442,0.3276216178808,26.2315673146368,32.1401164768827,8.0095902097405,0.1266437264108,0.1551696880742,0.0285259616634
"281","t10-k1",0.1074498529241,0.103783009848,0.1045967069568,3.4126087438111,2.65532794103999,-0.784036915090182,0.0036668430761,0.00285314596730001,-0.000813697108799999
"282","t10-k2",0.4261849649125,0.3265521467423,0.2760167549353,23.3778350652646,35.2354546360008,15.47544314473,0.0996328181702,0.1501682099772,0.050535391807
"283","t11-k1",0.2194553771389,0.2162610393774,0.2091826679481,1.45557507095314,4.68100136106398,3.27306825569604,0.00319433776150002,0.0102727091908,0.00707837142929998
"284","t11-k2",0.6937444435835,0.7587549093015,0.7028815688081,-9.37095299562934,-1.31707364420863,7.36381930560901,-0.0650104657180001,-0.00913712522460008,0.0558733404934
"285","t12-k1",0.1338552866344,0.1432837438292,0.1596379669171,-7.04376900745955,-19.2616077638535,-11.4138719793607,-0.00942845719480001,-0.0257826802827,-0.0163542230879
"286","t12-k2",0.6076851605113,0.6745019033369,0.6735972116888,-10.9952895294302,-10.8464144693022,0.134127367710043,-0.0668167428256,-0.0659120511775001,0.00090469164809992
"287","t13-k1",1.758154369737,4.761759641758,3.761780595237,-170.838540899586,-113.961905734121,21.0001999628821,-3.003605272021,-2.0036262255,0.999979046521
"288","t14-k1",0.3832336907808,0.4404883504899,0.3801258473849,-14.9398816143877,0.810952552101581,13.7035413167831,-0.0572546597091,0.00310784339589998,0.060362503105
"289","t15-k1",-2.743657257903,-2.763809257679,-2.478642233268,-0.734494066923008,9.65918843804686,10.3178981551889,0.020151999776,-0.265015024635,-0.285167024411
"290","t16-k1",-0.6703166759336,-0.9692165919109,-0.6864249143145,-44.5908518628154,-2.40307886693478,29.1773459056092,0.2988999159773,0.0161082383809,-0.2827916775964
"291","t16-k2",4.597466489339,8.569455955998,6.587562647391,-86.3951803861886,-43.286800733987,23.1274111073506,-3.971989466659,-1.990096158052,1.981893308607
"292","t17-k1",0.1812602534451,0.1935828196365,0.1853708259777,-6.79827262579232,-2.26777379732894,4.24210871306662,-0.0123225661914,-0.0041105725326,0.00821199365880002
"293","t18-k1",-0.427959867982,-0.2567094086188,-0.308366616912,40.0155416840167,27.944968679874,-20.1228340523772,-0.1712504593632,-0.11959325107,0.0516572082932
"294","t18a-k1",-0.2045307565273,0.1967464285347,0.3893261839395,196.19405505325,290.35092352359,-97.8822115547754,-0.401277185062,-0.5938569404668,-0.1925797554048
"295","t18b-k1",-0.1892404337724,-0.1892404337724,-0.1892404337724,0,0,0,0,0,0
"296","t19-k1",0.9162969507922,1.250924099537,1.039555264313,-36.5195091455333,-13.4517869359092,16.8970151987825,-0.3346271487448,-0.1232583135208,0.211368835224
"297","t19-k2",0.208078889572,0.4841068109379,0.5389105140769,-132.655418304887,-158.993363135199,-11.320580892639,-0.2760279213659,-0.3308316245049,-0.0548037031390001
"298","t19-k3",-0.1737796012683,-0.1920018067647,-0.1732173145609,-10.4858138489261,0.323563124380677,9.78349762448879,0.0182222054964,-0.000562286707399995,-0.0187844922038
"299","t19a-k1",-0.05752542044084,3.107512954395,0.1664782808179,5501.98216819782,389.399502936461,94.642716433975,-3.16503837483584,-0.22400370125874,2.9410346735771
"300","t19a-k2",0.3423737582396,0.954839941271,1.089988421039,-178.888179450594,-218.362139272428,-14.1540455029669,-0.6124661830314,-0.7476146627994,-0.135148479768
"301","t19a-k3",0.2544090180879,0.08647553233417,0.2838377002987,66.0092503858129,-11.5674681785974,-228.228913586629,0.16793348575373,-0.0294286822108,-0.19736216796453
"302","t20-k1",0.2699187392383,0.1947772835621,0.1781521348978,27.8385472191543,33.9978634308465,8.53546592305744,0.0751414556762,0.0917666043405,0.0166251486643
"303","t20-k2",0.1936581772637,-0.02815917086888,0.04801295837439,114.540656773061,75.2073684402121,270.505582703258,0.22181734813258,0.14564521888931,-0.07617212924327
"304","t21-k1",-0.1479457423917,-0.08020631867938,-0.1440915554638,45.7866665287154,2.6051354135597,-79.651127038753,-0.06773942371232,-0.00385418692789999,0.06388523678442
"305","t21-k2",0.5642954954317,0.4342094855325,0.4770489001242,23.0528173540852,15.461153954588,-9.86607064540821,0.1300860098992,0.0872465953075,-0.0428394145917
"306","t22-k1",-0.4910075247491,-0.3500153328207,-0.2785601715331,28.7148739727452,43.2676369521136,20.4148660322272,-0.1409921919284,-0.212447353216,-0.0714551612876
"307","t22-k2",0.5641713237747,0.4705424780721,0.3776608532551,16.5958179292343,33.0591901182986,19.7392646031774,0.0936288457026,0.1865104705196,0.092881624817
"308","t23-k1",-0.2849592935905,-0.2801579384063,-0.2717381485314,1.68492668679189,4.63966094683664,3.00537258476294,-0.0048013551842,-0.0132211450591,-0.0084197898749
"309","t23-k2",0.2705828028812,0.3333823484421,0.2716353103795,-23.2089936582083,-0.388977971657016,18.5213879352475,-0.0627995455609,-0.00105250749829999,0.0617470380626
"310","t24-k1",-0.6027249766107,-0.5062572776963,-0.5641607920317,16.0052598876632,6.39830537567197,-11.4375668037578,-0.0964676989144,-0.038564184579,0.0579035143354
"311","t24-k2",-0.2875027046256,-0.3178366550813,-0.3035475723261,-10.5508400330363,-5.58077104749133,4.4957315422115,0.0303339504557,0.0160448677005,-0.0142890827552
"312","t25-k1",-0.2577324477985,-0.130082851756,-0.05707577646306,49.5279492872775,77.8546407522258,56.1235199777765,-0.1276495960425,-0.20065667133544,-0.07300707529294
"313","t25-k2",-0.1781695657288,-0.3614716134085,-0.3341272645232,-102.880672650183,-87.5332990550083,7.56472925424383,0.1833020476797,0.1559576987944,-0.0273443488853
"314","t25-k3",-0.8015507420074,-0.7236309519003,-0.7017326886333,9.72113005746311,12.4531172067929,3.02616454001779,-0.0779197901070999,-0.0998180533741,-0.0218982632670001
"315","t25-k4",0.07125763939923,-0.07187997705995,0.1246570688482,200.873362724287,-74.9385327652982,273.423912954553,0.14313761645918,-0.05339942944897,-0.19653704590815
"316","t25-k5",0.08110677910138,0.1011488145081,0.04025513381541,-24.7106784769104,50.3677321903107,60.2020705717847,-0.02004203540672,0.04085164528597,0.06089368069269
"317","t26-k1",0.1821840310834,0.260614902537,0.2449777853183,-43.0503546261395,-34.4672109083778,6.0000855923732,-0.0784308714536,-0.0627937542349,0.0156371172187
"318","t26-k2",-0.02943549724318,0.06490994002977,0.09906937084145,320.515860471184,436.564285029714,-52.6258856440374,-0.09434543727295,-0.12850486808463,-0.03415943081168
"319","t26-k3",0.7822073629734,0.6212090335946,0.7403072582489,20.5825637803764,5.35664923495803,-19.1720046254226,0.1609983293788,0.0419001047245,-0.1190982246543
"320","t26-k4",-0.1154354573733,-0.09932798974327,-0.1106623499347,13.9536568715979,4.13487116282176,-11.4110435746516,-0.01610746763003,-0.00477310743859999,0.01133436019143
"321","t26-k5",-0.09037591883258,-0.08300390101762,0.03903155498269,8.15705987854636,143.188003493492,147.023759731973,-0.00737201781496001,-0.12940747381527,-0.12203545600031
"322","t26-k6",-0.5152151612155,-0.5972220410418,-0.8065834033293,-15.9170160351704,-56.5527305963593,-35.055866645894,0.0820068798262999,0.2913682421138,0.2093613622875
"323","t27-k1",0.4476220345854,0.2583613997603,0.230648672241,42.2813490404686,48.4724489815089,10.726342071614,0.1892606348251,0.2169733623444,0.0277127275193
"324","t28-k1",0.4906962395955,0.5494265309171,0.4846331150533,-11.9687673518782,1.23561667136437,11.7929171996203,-0.0587302913216,0.00606312454220004,0.0647934158638001
"325","t28-k2",0.1972392762662,0.2881175973593,0.2469703870205,-46.0751645480832,-25.2135942169963,14.2813943736616,-0.0908783210931,-0.0497311107543,0.0411472103388
"326","t29-k1",0.03365480695677,0.06910115218565,0.03432465141668,-105.3232760313,-1.99033814328641,50.326947770043,-0.03544634522888,-0.000669844459910002,0.03477650076897
"327","t29-k2",0.3315337048378,0.2857795932813,0.2759624550777,13.800742093141,16.7618703465724,3.43521316231167,0.0457541115565,0.0555712497601,0.00981713820359997
"328","t29-k3",-0.1813801692186,-0.1564893923229,-0.1955480435423,13.7229869190945,-7.81114847600832,-24.959296371224,-0.0248907768957,0.0141678743237,0.0390586512194
"329","t30-k1",-0.4094047131311,-0.3732081730775,-0.3586227577276,8.84126120013892,12.4038521723707,3.90811788220704,-0.0361965400536,-0.0507819554035,-0.0145854153499
"330","t30-k2",0.7214198085497,1.359297807775,0.9458986276138,-88.4198065627907,-31.1162538654683,30.4127011606002,-0.6378779992253,-0.2244788190641,0.4133991801612
"331","t30-k3",-0.4213069561783,-0.02667823499552,-0.2381476127077,93.6677440036785,43.4740848174094,-792.666298005439,-0.39462872118278,-0.1831593434706,0.21146937771218
"332","t31-k1",1.189964268076,1.103861877219,1.157050743597,7.23571229548053,2.76592544515781,-4.81843493970466,0.086102390857,0.032913524479,-0.053188866378
"333","t31-k2",-0.621218830807,-0.4153825029715,-0.3754475182054,33.1342705062734,39.5627595966994,9.61402670560728,-0.2058363278355,-0.2457713126016,-0.0399349847661
"334","t31-k3",0.06495844961585,0.1125477433113,-0.003057212830674,-73.2611291939427,104.706412866615,102.716369729616,-0.04758929369545,0.068015662446524,0.115604956141974
"335","t31a-k1",1.761355676865,2.200683142973,2.152368617934,-24.9425753059683,-22.1995447146119,2.19543304965428,-0.439327466108,-0.391012941069,0.0483145250389998
"336","t31a-k2",-0.2233803656273,-0.6836803861474,-1.320183434533,-206.06109190818,-491.002450383516,-93.0995039907977,0.4603000205201,1.0968030689057,0.6365030483856
"337","t31a-k3",-0.08184607083998,0.6981975060214,0.6496613962365,953.061727772454,893.760029735178,6.95163035764443,-0.78004357686138,-0.73150746707648,0.0485361097849
"338","t32-k1",-0.4168025326006,-0.253185276386,-0.2958607802241,39.2553411788853,29.0165589018606,-16.855444537398,-0.1636172562146,-0.1209417523765,0.0426755038381
"339","t33-k1",0.06747020256501,0.2213678640836,0.04567942917326,-228.097227617338,32.2968844961652,79.3649230151992,-0.15389766151859,0.02179077339175,0.17568843491034
"340","t33-k2",-0.3648818643986,-0.4133157784368,-0.3032447155349,-13.2738616971356,16.892357466242,26.6312269321533,0.0484339140382,-0.0616371488637,-0.1100710629019
"341","t34-k1",0.2471586385669,0.1759453146741,0.2055080999829,28.8127998704461,16.8517430042107,-16.8022577717165,0.0712133238928,0.041650538584,-0.0295627853088
"342","t34-k2",-2.709272212403,-2.550587015928,-2.478380345288,5.85711527060817,8.52228380957739,2.83098244400529,-0.158685196475,-0.230891867115,-0.07220667064
"343","t34-k3",2.355440994331,2.260398018936,2.276607637843,4.03503953712899,3.34686186908242,-0.717113480511292,0.0950429753950002,0.0788333564879999,-0.0162096189070002
"344","t35-k1",0.02771185535345,0.05699085950378,0.03129935391319,-105.655156527385,-12.945717686468,45.0800458429408,-0.02927900415033,-0.00358749855974,0.02569150559059
"345","t35-k2",1.453560077229,1.383554098127,1.474096750863,4.81617376527403,-1.41285344553148,-6.54420762141307,0.070005979102,-0.020536673634,-0.090542652736
"346","t36-k1",-0.05206457676159,-0.05013883012286,-0.0394160199122,3.69876556866721,24.2939780482789,21.3862393366277,-0.00192574663873,-0.01264855684939,-0.01072281021066
"347","t36-k2",0.1335413865937,-0.04758373533968,-0.0547281620364,135.63220103776,140.98217296703,-15.0144301318906,0.18112512193338,0.1882695486301,0.00714442669672
"348","t36-k3",2.332577530677,2.090958052267,2.116016122125,10.3584757733593,9.28421052264641,-1.19840136586347,0.24161947841,0.216561408552,-0.0250580698579999
"349","t37-k1",-0.2801379561603,-0.3998321288604,-0.3870001257614,-42.7268672694995,-38.1462658847813,3.20934766687552,0.1196941727001,0.1068621696011,-0.012832003099
"350","t38-k1",0.4155766290429,0.4927609700685,0.3683159149109,-18.5728300466175,11.3723224140021,25.2546493567258,-0.0771843410256,0.047260714132,0.1244450551576
"351","t39-k1",2.095796028375,2.100950683231,2.097788788875,-0.24595212445347,-0.0950837043786636,0.150498266391351,-0.00515465485599975,-0.00199276049999986,0.00316189435599989
"352","t39-k2",-0.4654644265313,-0.3275060833306,-0.274579776948,29.6388585973762,41.0095033482573,16.1604040585633,-0.1379583432007,-0.1908846495833,-0.0529263063826
"353","t39-k3",1.312846277337,1.247546121005,1.231823017065,4.97393773050535,6.17157253447441,1.26032245824578,0.0653001563319999,0.081023260272,0.0157231039400001
"354","t40-k1",-0.8888508403012,-0.9155116435182,-0.869453436154,-2.99946875315611,2.18230137923107,5.03087073663028,0.026660803217,-0.0193974041472,-0.0460582073642001
"355","t40-k2",1.347547544013,1.4853487444,1.500666676319,-10.2260733581709,-11.3627999981367,-1.0312683790087,-0.137801200387,-0.153119132306,-0.015317931919
"356","t40-k3",-0.1268083299631,0.007394718346395,0.009504432163621,105.831413715918,107.495116579791,-28.5300091010837,-0.134203048309495,-0.136312762126721,-0.002109713817226
"357","t41-k1",-0.1000623775332,-0.1092120743705,-0.1325229539216,-9.14399304000566,-32.4403409039824,-21.3445991988196,0.00914969683729999,0.0324605763884,0.0233108795511
"358","t41-k2",2.45413408332,2.277042133876,2.121582422037,7.21606658118805,13.5506720493901,6.82726549176211,0.177091949444,0.332551661283,0.155459711839
"359","t42-k1",-0.9479154065382,-1.427155110965,-1.535119221606,-50.5572228409062,-61.9468584451303,-7.56498784270182,0.4792397044268,0.5872038150678,0.107964110641
"360","t42a-k1",-0.4826638180162,-0.142375288415,-0.09482724886538,70.5021832794143,80.3533545864013,33.3962726811309,-0.3402885296012,-0.38783656915082,-0.04754803954962
"361","t43-k1",1.229562662833,1.174008710494,1.212856857655,4.51818797189236,1.3586786328977,-3.3090169445722,0.0555539523390001,0.016705805178,-0.038848147161
"362","t44-k1",3.262660352984,3.5952435453,3.174966089248,-10.1936198173929,2.68781467417519,11.6898188052217,-0.332583192316,0.0876942637360001,0.420277456052
"363","t45-k1",4.654738058203,4.623328761345,4.688715266272,0.674781189945742,-0.729948874547789,-1.4142733147962,0.0314092968579995,-0.0339772080690004,-0.0653865049269999
"364","t46-k1",3.154324713915,2.802313230083,2.833611639845,11.159646382604,10.1674083411643,-1.11687763616178,0.352011483832,0.32071307407,-0.0312984097619999
"365","t46-k2",-0.4171138742327,-1.201372149792,-2.46973930912,-188.020184416541,-492.101932275256,-105.576540920114,0.7842582755593,2.0526254348873,1.268367159328
"366","t47-k1",1.05588634537,1.099408586923,1.066439299482,-4.12186801579946,-0.999440343013626,2.99882025965193,-0.0435222415529999,-0.010552954112,0.0329692874409999
"367","t48-k1",1.052002608629,1.225618172981,1.58295686381,-16.5033397187352,-50.4708116525447,-29.1557924569498,-0.173615564352,-0.530954255181,-0.357338690829
"368","t48-k2",0.6226434850844,0.795156054072,0.4464198365028,-27.7064761970834,28.3024961800914,43.857581890161,-0.1725125689876,0.1762236485816,0.3487362175692
"369","t48a-k1",-0.02403160784339,0.1249935940166,0.1674297657181,620.121644923479,796.706465956053,-33.9506772609996,-0.14902520185999,-0.19146137356149,-0.0424361717015
"370","t48a-k2",-1.083518405649,-1.312721657319,-1.202238924273,-21.1536094334007,-10.9569452632316,8.4163106801819,0.22920325167,0.118720518624,-0.110482733046
"371","t49-k1",4.305064155732,3.896934050977,4.000440656714,9.48023281398939,7.07593401627727,-2.65610360306328,0.408130104755001,0.304623499018001,-0.103506605737
"372","t50-k1",0.1184428518662,0.1190800908526,0.1075238677121,-0.538013882948263,9.21877849279982,9.70458038598959,-0.000637238986400002,0.0109189841541,0.0115562231405
"373","t51-k1",0.3059380486721,0.319297596029,0.3051984988196,-4.36674922092432,0.241731898242137,4.41566030710719,-0.0133595473569,0.000739549852500021,0.0140990972094
"374","t52-k1",0.6310755461662,0.65277299099,0.7113643817691,-3.43816916304435,-12.7225394947811,-8.97576823609689,-0.0216974448238,-0.0802888356029,-0.0585913907791
"375","t52-k2",-0.2026027068942,0.2927243395762,0.2246407250075,244.481948964809,210.877454922065,23.2586107008628,-0.4953270464704,-0.4272434319017,0.0680836145687
"376","t53-k1",0.3699587466204,0.3880599030264,0.4681154291283,-4.89274995424634,-26.531791288777,-20.6296825509576,-0.018101156406,-0.0981566825079,-0.0800555261019
"377","t53-k2",-0.1698598510357,0.3955066015975,0.2866469405206,332.842899122981,268.754969919498,27.524107217731,-0.5653664526332,-0.4565067915563,0.1088596610769
"378","t54-k1",-0.4941263934832,-0.4685801798369,-0.4004898431884,5.16997553322732,18.9499187919788,14.5312028930034,-0.0255462136463,-0.0936365502948,-0.0680903366485
"379","t54-k2",3.716860734358,4.401613987717,4.080032962213,-18.4228923895174,-9.77093988208653,7.30597972474173,-0.684753253359,-0.363172227855,0.321581025504
"380","t55-k1",0.2431981267078,0.2356141287774,0.269341759543,3.11844422202811,-10.7499318309352,-14.3147743051796,0.00758399793039999,-0.0261436328352,-0.0337276307656
"381","t55-k2",4.606848645298,5.341416837659,4.884138244532,-15.9451340584141,-6.01907335325671,8.56099808393558,-0.734568192360999,-0.277289599234,0.457278593127
"382","t56-k1",0.5332542282101,0.8832682038832,0.8191603268359,-65.6373559095711,-53.6153458333488,7.25803065993502,-0.3500139756731,-0.2859060986258,0.0641078770473
"383","t57-k1",0.8515019680046,1.157527300997,1.139654755584,-35.9394745392704,-33.8405310154073,1.54402798081791,-0.3060253329924,-0.2881527875794,0.017872545413
"384","t58-k1",0.04864727242766,-0.005251945085378,0.003824989133194,110.795970304785,92.1372999095029,172.829952922455,0.053899217513038,0.044822283294466,-0.009076934218572
"385","t58-k2",0.2157911511699,0.2807627167305,0.2479613800209,-30.1085402289947,-14.9080389425567,11.6829389213688,-0.0649715655606,-0.032170228851,0.0328013367096
"386","t59-k1",-1.355296923315,-1.433643922297,-1.056402444129,-5.78079958968449,22.053800465725,26.3134710300714,0.078346998982,-0.298894479186,-0.377241478168
"387","t60-k1",-0.105740042792,-0.1319315022277,0.06140140185102,-24.7696697902997,158.068258939333,146.540364366539,0.0261914594357,-0.16714144464302,-0.19333290407872
"388","t61-k1",0.2510036544347,0.4842863359802,0.6455238400018,-92.9399542293077,-157.177068379989,-33.2938371460045,-0.2332826815455,-0.3945201855671,-0.1612375040216
"389","t62-k1",1.256849873507,1.045291476248,1.05297393684,16.8324317580338,16.2211844838814,-0.734958694925526,0.211558397259,0.203875936667,-0.00768246059200006
"390","t63-k1",-0.003553710469134,-0.002512744835732,-0.01105475252171,29.292359139648,-211.076341692066,-339.947278550056,-0.001040965633402,0.007501042052576,0.008542007685978
"391","t64-k1",0.3211560582805,0.2454905844875,0.1781674061298,23.5603445247523,44.5231059679443,27.423935014961,0.075665473793,0.1429886521507,0.0673231783577
"392","t64-k2",0.2531822532171,0.2798172090677,0.2954973767039,-10.5200722057565,-16.7133055137618,-5.60371811599561,-0.0266349558506001,-0.0423151234868001,-0.0156801676362
"393","t65-k1",0.06138106438945,-0.4062543046066,0.2780629313337,761.856076703072,-353.010931139038,168.445534774817,0.46763536899605,-0.21668186694425,-0.6843172359403
"394","t66-k1",-0.5610892792494,-0.4900513701758,-0.5006407173483,12.6607140255168,10.7734302073933,-2.16086472091714,-0.0710379090736,-0.0604485619011,0.0105893471724999
"395","t66-k2",-0.5658765492977,-0.537755414285,-0.295795598023,4.96948230980781,47.7278925253031,44.9943989097181,-0.0281211350127001,-0.2700809512747,-0.241959816262
"396","t67-k1",-0.1002944549968,-0.09539772295974,-0.11324888136,4.88235569674937,-12.9163933974349,-18.7123527128562,-0.00489673203705999,0.0129544263632,0.01785115840026
"397","t67-k2",-0.2346655100883,-0.1892933514148,-0.2429703970097,19.3348220010803,-3.53903175557202,-28.356540361144,-0.0453721586735,0.0083048869214,0.0536770455949
"398","t67-k3",0.857667309467,0.7230054642687,0.6859810218061,15.7009418118065,20.0178187702636,5.1209076960503,0.1346618451983,0.1716862876609,0.0370244424626001
"399","t67-k4",-0.1020077532452,-0.1748214032228,-0.09500983057074,-71.3805055607636,6.86018704640894,45.6532044593788,0.0728136499776,-0.00699792267446001,-0.07981157265206
"400","t68-k1",1.890066270967,1.823676003525,1.802985781369,3.51258939762114,4.60727176266934,1.1345338818961,0.0663902674420001,0.087080489598,0.0206902221559999
"401","t68-k2",-0.6501381532324,-0.7746467780134,-0.5507059942125,-19.15110260211,15.2940045935678,28.9087607612855,0.124508624781,-0.0994321590199,-0.2239407838009
"402","t69-k1",0.5399934073126,0.3743951238897,0.4665474053871,30.6667231822399,13.6012775213351,-24.6136436126633,0.1655982834229,0.0734460019255,-0.0921522814974
"403","t69-k2",-1.01570109091,-0.8713467343522,-0.6433574954666,14.2122872417581,36.6587767578161,26.1651567507277,-0.1443543565578,-0.3723435954434,-0.2279892388856
"404","t69-k3",-1.102131663183,-1.053791740633,-0.969922545804,4.38603881594259,11.9957643714885,7.95880168681345,-0.0483399225500001,-0.132209117379,-0.083869194829
"405","t70-k1",-0.5115539743375,-0.418328582939,-0.1795002782113,18.2239599485536,64.9107841564977,57.091079708155,-0.0932253913985001,-0.3320536961262,-0.2388283047277
"406","t71-k1",1.647905511831,1.791262845583,2.22257462875,-8.69936611794657,-34.8726982702109,-24.0786428541492,-0.143357333752,-0.574669116919,-0.431311783167
"407","t72-k1",1.066466844349,1.328475683534,1.711427694251,-24.5679310682122,-60.476408930997,-28.8264223021587,-0.262008839185,-0.644960849902,-0.382952010717
"408","t73-k1",0.7020804385738,0.6565625364686,0.668524925745,6.48328875216417,4.77943993098061,-1.82197256345773,0.0455179021052,0.0335555128288,-0.0119623892764
"409","t74-k1",1.37153842814,1.435291530843,1.320230420009,-4.64829139271426,3.74090926497633,8.01656725211918,-0.0637531027030001,0.051308008131,0.115061110834
"410","t75-k1",2.169667208431,1.992257359058,2.055283808985,8.17682309451017,5.27193290295965,-3.16356968844632,0.177409849373,0.114383399446,-0.0630264499270001
"411","t75-k2",0.2956358828674,0.2914276321277,1.892577001703,1.42345736210496,-540.171613589906,-549.415770181221,0.00420825073969999,-1.5969411188356,-1.6011493695753
"412","t76-k1",0.6343008945455,0.6563126709409,0.8810552410971,-3.47024205462807,-38.9017812639865,-34.2432167024912,-0.0220117763954,-0.2467543465516,-0.2247425701562
"413","t76-k2",1.270507666688,1.350327576504,2.914757424055,-6.28252090946268,-129.416752096686,-115.85558014014,-0.079819909816,-1.644249757367,-1.564429847551
"414","t77-k1",2.511962403236,2.319623929988,2.303076718871,7.65690095521425,8.31563737163845,0.713357493129741,0.192338473248,0.208885684365,0.016547211117
"415","t77-k2",-0.5339410353404,-0.8756226222946,-0.9208876972079,-63.9923819933356,-72.4699238785444,-5.16947298536912,0.3416815869542,0.3869466618675,0.0452650749133
"416","t78-k1",1.353570333304,1.72463435215,1.430656744421,-27.4137227830822,-5.69504289657679,17.0457933510669,-0.371064018846,-0.0770864111170002,0.293977607729
"417","t78-k2",1.210419023716,0.9307768919849,0.9335981023312,23.1029194231098,22.8698422580105,-0.303102748961002,0.2796421317311,0.2768209213848,-0.00282121034630001
"418","t79-k1",0.9750481401663,0.9159651901354,1.120199961777,6.05949056226322,-14.8866312986294,-22.2972197896963,0.0590829500309,-0.1451518216107,-0.2042347716416
"419","t79-k2",0.7926272147091,-0.9699802553843,0.3854258607073,222.37534081394,51.3736276581477,139.735433640822,1.7626074700934,0.4072013540018,-1.3554061160916
"420","t80-k1",1.486934260344,1.35354465182,1.395836260218,8.97078048986109,6.12656541419152,-3.12450781295865,0.133389608524,0.091098000126,-0.0422916083979998
"421","t81-k1",0.4873119328207,0.4479366135373,0.3772141764573,8.08010570467348,22.5928710027934,15.7884921532789,0.0393753192834,0.1100977563634,0.07072243708
"422","t82-k1",1.016546509378,1.049828199256,1.14200274864,-3.27399578582629,-12.3414165613301,-8.77996508850905,-0.033281689878,-0.125456239262,-0.092174549384
"423","t82a-k1",0.6119311592699,0.632443442967,0.6357405298819,-3.35205739834743,-3.89085769719703,-0.521325179597456,-0.0205122836970999,-0.0238093706119999,-0.00329708691490005
"424","t83-k1",1.398585409413,1.428418732494,1.48552817348,-2.13310698654589,-6.21647869925162,-3.99808821369121,-0.0298333230810002,-0.0869427640670002,-0.057109440986
"425","t83a-k1",1.081826366982,0.9863691912427,0.9934351001806,8.82370578613272,8.1705594815541,-0.716355397211656,0.0954571757393001,0.0883912668014001,-0.00706590893790005
"426","t84-k1",2.205122974863,2.211368036006,3.063296095522,-0.283206932864516,-38.9172454525951,-38.5249332379193,-0.00624506114300027,-0.858173120659,-0.851928059516
"427","t85-k1",5.590150698229,4.523665340127,5.939822916714,19.0779357422309,-6.25514833787537,-31.3055336791833,1.066485358102,-0.349672218485,-1.416157576587
"428","t86-k1",8.052532732388,8.421657971819,6.886645222011,-4.58396447053665,14.4785193568689,18.2269661739356,-0.369125239431,1.165887510377,1.535012749808
"429","t87-k1",1.088541081003,0.9416932156338,0.7779351905964,13.4903374738868,28.5341449971188,17.3897424680058,0.1468478653692,0.3106058904066,0.1637580250374
"430","t87a-k1",0.809728596164,0.809728596164,0.809728596164,0,0,0,0,0,0
"431","t88-k1",3.120029548599,2.246252044811,2.472196848129,28.0054239928707,20.7636719581999,-10.0587466949646,0.873777503788,0.64783270047,-0.225944803318
"432","t89-k1",3.602517565373,4.928317126151,4.015500472465,-36.8020290455052,-11.463730560582,18.5218732950918,-1.325799560778,-0.412982907092,0.912816653686
"433","t90-k1",1.927221534062,1.855566313429,1.972452088351,3.71805832212618,-2.34693072330235,-6.29919685845129,0.0716552206330001,-0.0452305542889999,-0.116885774922
"434","t91-k1",0.4540929743234,0.3587215956004,0.3129835387566,21.002610503962,31.0750096446776,12.7502936552362,0.095371378723,0.1411094355668,0.0457380568438
"435","t92-k1",0.3728717936265,0.2840333284647,0.2391988884326,23.8254721006835,35.849562095812,15.7849222393886,0.0888384651618001,0.1336729051939,0.0448344400321
"436","t93-k1",1.015112840557,1.039684026583,1.031374888594,-2.42053740671014,-1.60199412196154,0.79919838879402,-0.0245711860260001,-0.0162620480369999,0.00830913798900013
"437","t94-k1",0.4475764336372,0.4623143731799,0.4904559400765,-3.29283189084222,-9.58037627022552,-6.0871062050345,-0.0147379395427,-0.0428795064393,-0.0281415668966
"438","t94-k2",0.1222812484103,0.1229966729245,0.05647257804912,-0.585064777715948,53.8174668779688,54.0860929760393,-0.000715424514200008,0.06580867036118,0.06652409487538
"439","t95-k1",0.7420178199811,0.7411958982708,0.6632139060882,0.110768459754898,10.6202185137423,10.5211041189692,0.000821921710299933,0.0788039138929,0.0779819921826
"440","t96-k1",0.4843877863717,0.4014850407399,0.4882081986613,17.1149537548793,-0.788709459050723,-21.6005950711332,0.0829027456318,-0.00382041228960001,-0.0867231579214
"441","t96-k2",-0.1562321443911,-0.1900861454324,-0.2581639470995,-21.6690369150617,-65.2438095282309,-35.8141838860689,0.0338540010413,0.1019318027084,0.0680778016671
"442","t97-k1",0.1335826791167,0.1008079765497,0.1394440018873,24.5351439151535,-4.38778650747037,-38.3263573577948,0.032774702567,-0.0058613227706,-0.0386360253376
"443","t97-k2",0.4558088913692,0.5221573690502,0.5981721149925,-14.5562052292785,-31.2330949042386,-14.5578230717246,-0.0663484776810001,-0.1423632236233,-0.0760147459423
"444","t98-k1",0.1408778897892,0.08562449715302,0.1687969052657,39.2207696458666,-19.8178830746799,-97.1362295582795,0.05525339263618,-0.0279190154765,-0.08317240811268
"445","t98-k2",0.6692400743421,0.3020955638796,0.4322245241037,54.8599111945625,35.4156242767439,-43.0754290307827,0.3671445104625,0.2370155502384,-0.1301289602241
"446","t98-k3",1.507683794034,0.8104519493622,1.000974952557,46.2452304276792,33.6084292662745,-23.5082417094234,0.6972318446718,0.506708841477,-0.1905230031948
"447","t99-k1",-0.09037751194267,-0.01715538837839,-0.07245613919504,81.0180784913925,19.829460185846,-322.352077358448,-0.07322212356428,-0.01792137274763,0.05530075081665
"448","t99-k2",0.4558486798387,0.4953131133651,0.4800308499779,-8.65735391410244,-5.30486786706431,3.08537427635905,-0.0394644335264,-0.0241821701392,0.0152822633872
"449","t100-k1",-1.802185889646,-1.560500673878,-1.529316884202,13.4106707391585,15.1410022135729,1.99831952641874,-0.241685215768,-0.272869005444,-0.0311837896760001
"450","t101-k1",-0.6734456899116,-0.5745979887386,-0.4853328540947,14.6779024134783,27.9328888186355,15.5352327006681,-0.098847701173,-0.1881128358169,-0.0892651346439
"451","t102-k1",0.4590201906342,0.5179584156107,0.4255535425708,-12.8400070800957,7.29088801456885,17.8402107688413,-0.0589382249765,0.0334666480634,0.0924048730399
"452","t102-k2",0.05839454154048,-0.04632069543534,0.04681484391061,179.323673434836,19.8301028219269,201.066798480951,0.10471523697582,0.01157969762987,-0.09313553934595
"453","t102-k3",-0.277292321901,-0.06099068921525,0.007289327082191,78.0049123621154,102.628751864537,111.951540761353,-0.21630163268575,-0.284581648983191,-0.068280016297441
"454","t103-k1",0.3745298132938,0.4158825636766,0.2908356881288,-11.0412439584244,22.3464520565005,30.0678331984698,-0.0413527503828,0.083694125165,0.1250468755478
"455","t103-k2",0.1137684363812,0.0596230975278,0.1931183471219,47.5925841786004,-69.746858851804,-223.898547927431,0.0541453388534,-0.0793499107407,-0.1334952495941
"456","t103-k3",-0.4451955496822,-0.2464288114386,-0.2654689050671,44.647063158086,40.3702698159037,-7.72640728060487,-0.1987667382436,-0.1797266446151,0.0190400936285
"457","t104-k1",0.5242900571996,0.4351749786347,0.6900413893086,16.9972856324783,-31.6144336198803,-58.5664211378851,0.0891150785649,-0.165751332109,-0.2548664106739
"458","t104-k2",0.6846369591733,0.8150683461707,0.6468333988905,-19.0511752615424,5.52169434855634,20.6405938925969,-0.1304313869974,0.0378035602828001,0.1682349472802
"459","t104-k3",-0.006452869640902,0.1611397489249,0.1415783628267,2597.17967187038,2294.0372377786,12.1393921913808,-0.167592618565802,-0.148031232467602,0.0195613860982
"460","t105-k1",1.590496267066,1.569460201081,1.56510137506,1.32261020793248,1.5966646720175,0.277727719250075,0.021036065985,0.0253948920059999,0.00435882602099991
"461","t106-k1",0.9735099854545,0.9762352037221,0.9665881880868,-0.279937371811114,0.711014521794388,0.988185592828322,-0.00272521826760008,0.00692179736769993,0.00964701563530002
"462","t107-k1",3.451843750216,3.345148749732,3.175854266028,3.09095683943758,7.99542227746347,5.06089553469224,0.106695000484,0.275989484188,0.169294483704
"463","t108-k1",3.237327923405,3.36742887126,3.426173301767,-4.01877569814307,-5.83337192987771,-1.74448912665584,-0.130100947855,-0.188845378362,-0.0587444305070002
"464","t109-k1",2.727969190839,1.979157164919,1.967321108345,27.4494311898625,27.8833091315104,0.598035203257065,0.74881202592,0.760648082494,0.0118360565740001
"465","t109-k2",-0.1972522755399,-0.2454736884386,-0.1712192978746,-24.4465686221936,13.1978085393667,30.2494295972471,0.0482214128987,-0.0260329776653,-0.074254390564
"466","t110-k1",0.281991561038,0.6139057548688,0.7037371857899,-117.703591061036,-149.55966171451,-14.6327722469874,-0.3319141938308,-0.4217456247519,-0.0898314309211
"467","t110-k2",1.349699723848,1.357133125394,1.256061104884,-0.550744837141062,6.93773713585981,7.44746544158348,-0.00743340154600003,0.0936386189639999,0.10107202051
"468","t111-k1",1.728303688589,1.849812603565,1.997105919711,-7.03053032741027,-15.5529513069229,-7.96260744802652,-0.121508914976,-0.268802231122,-0.147293316146
"469","t112-k1",7.917885966353,7.963826968688,7.981119074377,-0.580218034589355,-0.798610996580507,-0.21713311649021,-0.0459410023349998,-0.0632331080239998,-0.0172921056890001
"470","t113-k1",0.6347242530165,0.634106739212,0.6049149702282,0.0972885156924961,4.69641464724764,4.60360491044086,0.000617513804500036,0.0298092827883001,0.0291917689838
"471","t114-k1",-1.975848663415,-2.021362956437,-1.942075044143,-2.30353133135887,1.70932217114376,3.92249754263622,0.0455142930220001,-0.0337736192720002,-0.0792879122940002
"472","t115-k1",0.3518654073976,0.4636891042024,0.4388235225568,-31.7802473485101,-24.7134595589669,5.36255465574757,-0.1118236968048,-0.0869581151592,0.0248655816456
"473","t116-k1",0.411533896633,0.5828806135068,0.6164521715253,-41.6361126691356,-49.7937780019718,-5.75959420172212,-0.1713467168738,-0.2049182748923,-0.0335715580185
"474","t117-k1",8.980846475502,5.269912953166,7.891938667639,41.3205317834873,12.1247792269173,-49.7546304421929,3.710933522336,1.088907807863,-2.622025714473
"475","t118-k1",0.2513655781658,0.2253980005721,0.1758210832886,10.3306020590345,30.0536355965856,21.9952782001903,0.0259675775937,0.0755444948772,0.0495769172835
"476","t119-k1",-0.6215542657895,-0.6085657020611,-0.6794058326417,2.08969102832911,-9.30756492817513,-11.6405065781193,-0.0129885637284001,0.0578515668521999,0.0708401305806
"477","t120-k1",-0.2021544343488,-0.2113962779922,0.0742840405609,-4.57167495393843,136.746184074661,135.139710720754,0.0092418436434,-0.2764384749097,-0.2856803185531
"478","t121-k1",0.4345094953046,0.4556539665149,0.5027990201022,-4.86628518796288,-15.7164631695166,-10.3466790705,-0.0211444712103,-0.0682895247976,-0.0471450535873
"479","t122-k1",0.5802472967885,0.5178488230567,0.3693715080229,10.7537724134446,36.3423991688951,28.6719421620744,0.0623984737318,0.2108757887656,0.1484773150338
"480","t123-k1",-10.84539398162,-10.84539398162,-10.84539398162,0,0,0,0,0,0
"481","t123a-k1",0.1124961486297,0.110969360731,0.1110335622657,1.35719126147659,1.30012127687531,-0.0578551901868091,0.0015267878987,0.001462586364,-0.0000642015347000063
"482","t124-k1",-2.188332979505,-2.686742919102,-1.949001620455,-22.775781577342,10.9366975360458,27.4585742239,0.498409939597,-0.23933135905,-0.737741298647
"483","t124-k2",0.2817317227731,0.2417090586805,0.2946627830816,14.2059487297543,-4.58984887509965,-21.9080429546897,0.0400226640926,-0.0129310603085,-0.0529537244011
"484","t125-k1",2.005429751514,2.300110112181,2.230458369951,-14.6941253087789,-11.2209673895141,3.02819164444067,-0.294680360667,-0.225028618437,0.06965174223
"485","t126-k1",0.9161192279719,0.6624772376141,0.7647865331917,27.6865698932345,16.518886424338,-15.4434431507511,0.2536419903578,0.1513326947802,-0.1023092955776
"486","t127-k1",1.944492441783,1.796487551966,1.800644521382,7.61149216302878,7.39771044155353,-0.231394278877733,0.148004889817,0.143847920401,-0.00415696941599997
"487","t128-k1",1.122808273354,1.28648550519,0.611128030235,-14.5774871561171,45.5714706831054,52.4963143564728,-0.163677231836,0.511680243119,0.675357474955
"488","t129-k1",-19.9078720572,-20.45690609598,-20.16597761356,-2.75787405706896,-1.29649997557952,1.42215289572635,0.54903403878,0.25810555636,-0.29092848242
"489","t130-k1",0.8455687957516,0.7342174863127,0.7201468214689,13.1688054240369,14.8328527392282,1.91641647142784,0.1113513094389,0.1254219742827,0.0140706648438
"490","t131-k1",0.09107282863165,0.05527997863216,0.05161945379481,39.301348752718,43.3206867839932,6.621791339153,0.03579284999949,0.03945337483684,0.00366052483735
"491","t131-k2",0.6514412536842,0.6540781944464,0.7438212030833,-0.404785657538095,-14.1808565049648,-13.7205321013425,-0.0026369407622,-0.0923799493991,-0.0897430086369
"492","t131-k3",0.4354106055474,0.4199906385311,0.4624649116474,3.54147712982644,-6.21351564599287,-10.1131475846347,0.0154199670163,-0.0270543061,-0.0424742731163
"493","t132-k1",0.3850736319737,0.4892359186761,0.5019092604495,-27.0499660463675,-30.3411136921937,-2.59043567522491,-0.1041622867024,-0.1168356284758,-0.0126733417734
"494","t132-k2",0.3408378467109,0.1542515483278,0.302959144282,54.7434213024363,11.1134085590644,-96.405901636839,0.1865862983831,0.0378787024289,-0.1487075959542
"495","t132-k3",0.6287427416993,0.6732165471603,0.8116471743857,-7.07345031782011,-29.0905040417747,-20.5625705145418,-0.044473805461,-0.1829044326864,-0.1384306272254
"496","t133-k1",-0.009788450190304,-0.04363653378606,-0.02504152504074,-345.796146863825,-155.827271466785,42.6133955471512,0.033848083595756,0.015253074850436,-0.01859500874532
"497","t133-k2",0.3057256707337,0.311251334111,0.5577862845448,-1.80739267462858,-82.4466631167049,-79.2076766957341,-0.00552566337729998,-0.2520606138111,-0.2465349504338
"498","t133-k3",0.6709990493073,1.074282431285,1.201702574179,-60.1019304563883,-79.0915464663574,-11.8609538035158,-0.4032833819777,-0.5307035248717,-0.127420142894
"499","t134-k1",-1.097759861665,-1.059078520683,-1.057546252656,3.52366144297998,3.66324279228127,0.144679360130149,-0.0386813409819999,-0.040213609009,-0.00153226802700002
"500","t135-k1",-0.6701788668107,-4.07345751305,-2.55587580359,-507.81646733134,-281.372187361428,37.2553710109452,3.4032786462393,1.8856969367793,-1.51758170946
"501","t136-k1",-0.4668933845214,-0.4067040933597,-0.4258075182921,12.8914422772125,8.79983901922621,-4.69713121758636,-0.0601892911617,-0.0410858662293,0.0191034249324
"502","t137-k1",4.605325210702,8.928511593103,8.75851793575,-93.8736394197448,-90.1823983113435,1.90394172175702,-4.323186382401,-4.153192725048,0.169993657353
"503","t138-k1",-0.4008170401113,-0.6602473413595,-0.730283160946,-64.7253672588772,-82.1986312615883,-10.607512548599,0.2594303012482,0.3294661208347,0.0700358195865
"504","t138-k2",2.066737337597,1.962352219628,1.893471183663,5.05072009248977,8.38355947715431,3.51012602508523,0.104385117969,0.173266153934,0.0688810359650001
"505","t138a-k1",-0.09510851427019,-0.09510851427019,-0.09510851427019,0,0,0,0,0,0
"506","t138a-k2",1.554435554256,1.554435554256,1.554435554256,0,0,0,0,0,0
"507","t139-k1",4.289789940629,4.297224597095,3.707111814485,-0.173310501653832,13.5829057881227,13.7324165697303,-0.00743465646599972,0.582678126144,0.59011278261
"508","t140-k1",15.78931647465,14.57292762235,14.61327164042,7.70387276898865,7.44835811048666,-0.276842231811579,1.2163888523,1.17604483423,-0.0403440180699999
"509","t141-k1",10.57958597957,12.86370238542,11.14268532223,-21.5898468074347,-5.32250830748375,13.3788625671303,-2.28411640585,-0.563099342659999,1.72101706319
"510","t141a-k1",-3.906902709944,-3.522913078121,-3.247453129786,9.82849229507699,16.8790888618635,7.81909579449291,-0.383989631823,-0.659449580158,-0.275459948335
"511","t141b-k1",1.114119889873,-0.1991017575345,-0.06015084396388,117.870765915255,105.398956118694,69.7888935242286,1.3132216474075,1.17427073383688,-0.13895091357062
"512","t141b-k2",0.5022068651646,0.7355299314549,-0.4575010265439,-46.4595533184971,191.098122761415,162.200191586894,-0.2333230662903,0.9597078917085,1.1930309579988
"513","t141c-k1",-3.525605054758,-0.8044345932388,0.5003365402587,77.1830769259543,114.191508478338,162.197292914052,-2.7211704615192,-4.0259415950167,-1.3047711334975
"514","t142-k1",-0.7715979690747,-0.6412147438513,-0.2764487110533,16.8978186113885,64.1719234454677,56.8867195110209,-0.1303832252234,-0.4951492580214,-0.364766032798
"515","t143-k1",-1.6882659825,-1.0865676804,-0.9742936814062,35.6400181213744,42.2902734814655,10.332904338961,-0.6016983021,-0.7139723010938,-0.1122739989938
"516","t143-k2",0.3191499888753,0.2462593023158,0.3590841532974,22.83900645473,-12.5126635795382,-45.8154676475591,0.0728906865595,-0.0399341644221,-0.1128248509816
"517","t143-k3",0.2193673170111,0.1335506456967,0.124764806256,39.1200806408448,43.12516196308,6.5786574036138,0.0858166713144,0.0946025107551,0.00878583944069999
"518","t144-k1",-0.4293851957275,-1.032355874333,-0.7735699506559,-140.426517869089,-80.1575737480314,25.0675111278173,0.6029706786055,0.3441847549284,-0.2587859236771
"519","t145-k1",0.1979639349968,0.1548249185739,0.2954725536981,21.7913512497099,-49.2557488831873,-90.8430221825481,0.0431390164229,-0.0975086187013,-0.1406476351242
"520","t146-k1",0.687851489207,0.02845285072066,0.2140930220583,95.8635183368634,68.8751096104887,-652.448407227063,0.65939863848634,0.4737584671487,-0.18564017133764
"521","t146-k2",0.3710469353726,0.6286480622848,-0.4969848332492,-69.4254829657926,233.9412311141,179.056130618287,-0.2576011269122,0.8680317686218,1.125632895534
"522","t147-k1",0.9015016181202,0.8531822726744,0.1297150161487,5.35987340173109,85.6112275850175,84.7963301274307,0.0483193454458,0.7717866019715,0.7234672565257
"523","t147-k2",0.4955057836023,-0.1247198587792,0.3391115453787,125.170212519518,31.5625454634702,371.898596340661,0.6202256423815,0.1563942382236,-0.4638314041579
"524","t147-k3",1.219367957863,-0.4071256369974,0.8098137606465,133.388251214253,33.5874167084284,298.910038340737,1.6264935948604,0.4095541972165,-1.2169393976439
"525","t148-k1",-0.6905827233348,-0.01163864194595,-0.4074671263459,98.3146636090536,40.9966232027562,-3400.98515134483,-0.67894408138885,-0.2831155969889,0.39582848439995
"526","t148-k2",0.2618727450261,0.3122453159754,0.2814480372926,-19.2355149232042,-7.47511630679589,9.8631675503585,-0.0503725709493,-0.0195752922665,0.0307972786828
"527","t149-k1",0.0142928891611,-0.001420248302732,0.5272589757348,109.936747474383,-3588.96008212115,37224.4221676281,0.015713137463832,-0.5129660865737,-0.528679224037532
"528","t149-k2",0.5969431944992,0.7066688882698,0.4919016903284,-18.3812622007783,17.5965661621997,30.3914890702538,-0.1097256937706,0.1050415041708,0.2147671979414
"529","t149-k3",1.529139493109,0.3815161962242,1.136686115689,75.0502686024731,25.6649821150114,-197.939150929524,1.1476232968848,0.39245337742,-0.7551699194648
"530","t150-k1",0.4603759126772,0.7488835504447,0.6210910987799,-62.6678394379403,-34.909555794981,17.0643956044855,-0.2885076377675,-0.1607151861027,0.1277924516648
"531","t150-k2",0.587206663536,1.119343610052,0.975923926551,-90.6217486211098,-66.1976927636089,12.8128380072976,-0.532136946516,-0.388717263015,0.143419683501
"532","t150-k3",-0.5000049198338,-0.3100357492863,-0.8561698366409,37.99346026648,-71.2322824594382,-176.15197234893,-0.1899691705475,0.3561649168071,0.5461340873546
"533","t151-k1",-0.518563003676,-0.6591489440346,-0.6351523287532,-27.110676882464,-22.483155229108,3.64054520584051,0.1405859403586,0.1165893250772,-0.0239966152814
"534","t151-k2",1.275130575571,1.350280607491,1.248050579983,-5.89351658251533,2.12370372939052,7.57102093748921,-0.07515003192,0.0270799955880001,0.102230027508
"535","t152-k1",-0.06694770921212,-0.1664726272139,-0.2953365569601,-148.660677374996,-341.145127198218,-77.4084796418953,0.09952491800178,0.22838884774798,0.1288639297462
"536","t153-k1",2.923303924453,2.222754370959,1.921360657176,23.9643079063387,34.2743448225104,13.5594700755426,0.700549553494,1.001943267277,0.301393713783
"537","t154-k1",3.271521150662,2.764676864303,1.859334073408,15.4926183575625,43.1660690002949,32.7467850794652,0.506844286359,1.412187077254,0.905342790895
"538","t155-k1",-0.2727080925837,-0.4537916306711,-0.1066595985033,-66.4019671626802,60.8887299629497,76.4959088501557,0.1810835380874,-0.1660484940804,-0.3471320321678
"539","t155-k2",0.0294466056591,-0.3945712049428,0.08806500704736,1439.95479652462,-199.066751756989,122.319167223601,0.4240178106019,-0.05861840138826,-0.48263621199016
"540","t155-k3",0.1583146108926,1.037088034101,0.2518672055746,-555.080430197663,-59.0928368231696,75.7139994587893,-0.8787734232084,-0.093552594682,0.7852208285264
"541","t155-k4",0.3501787760781,0.6724820321816,0.4862277489947,-92.039631788426,-38.8512903152809,27.6965441861208,-0.3223032561035,-0.1360489729166,0.1862542831869
"542","t155-k5",-0.3662581658181,-0.3020189334838,-0.7230649358019,17.5393310865331,-97.4194716414885,-139.410465913947,-0.0642392323343,0.3568067699838,0.4210460023181
"543","t155-k6",2.14698681307,1.69303209084,1.976287546617,21.1438057964075,7.9506434512709,-16.7306607659434,0.45395472223,0.170699266453,-0.283255455777
"544","t156-k1",0.142362680367,0.3353422599523,0.320236806488,-135.554893380634,-124.944350346913,4.50448847885996,-0.1929795795853,-0.177874126121,0.0151054534643
"545","t156-k2",-0.3230321042888,-0.3105708540174,-0.2436040154434,3.85758879874656,24.5882956495213,21.5624994128548,-0.0124612502714,-0.0794280888454,-0.066966838574
"546","t156-k3",0.2524948234308,0.9656002645757,0.9164210076813,-282.423786537682,-262.946453804214,5.09312794316706,-0.7131054411449,-0.6639261842505,0.0491792568944001
"547","t156-k4",0.6528364511879,0.8949211460539,0.9357877532535,-37.0819819306203,-43.3418357003109,-4.56650369474437,-0.242084694866,-0.2829513020656,-0.0408666071996
"548","t156-k5",1.196977446782,1.090017068336,0.993876509602,8.93587249563945,16.9678165387347,8.82009663213498,0.106960378446,0.20310093718,0.096140558734
"549","t156-k6",1.167785785382,0.3461770549363,0.9822139905819,70.356116740789,15.8909105696467,-183.731684863584,0.8216087304457,0.1855717948001,-0.6360369356456
"550","t157-k1",3.0431043823,2.965920170961,3.297855052583,2.53636424001544,-8.37140755883166,-11.1916323598975,0.077184211339,-0.254750670283,-0.331934881622
"551","t157-k2",-0.3593529791623,-0.2748318830033,-0.1812284650873,23.5203549323648,49.5681194824744,34.0584276078609,-0.084521096159,-0.178124514075,-0.093603417916
"552","t158-k1",3.627584495399,3.464397817146,3.422770053672,4.49849420351134,5.64602814866956,1.20158727926614,0.163186678253,0.204814441727,0.0416277634740001
"553","t158-k2",0.3719185183686,0.1921196970351,0.3001241965913,48.3436055085876,19.3037770994093,-56.2172964162377,0.1797988213335,0.0717943217773,-0.1080044995562
"554","t159-k1",0.4282832518251,0.4003709927519,0.3817999656337,6.51724272528841,10.8533980708596,4.63845469686862,0.0279122590732,0.0464832861914,0.0185710271182
"555","t159-k2",9.382773933827,10.08298973314,9.732017318095,-7.46278024229663,-3.72217626398201,3.48083677891142,-0.700215799313,-0.349243384268,0.350972415045
"556","t159-k3",-1.899750980497,-2.315813540438,-1.877945703989,-21.9008998659473,1.14779656554227,18.9077328033147,0.416062559941,-0.0218052765080001,-0.437867836449
"557","t160-k1",-0.7591901835796,-0.6899244759328,-0.6808925530292,9.1236305664821,10.3133091343759,1.30911762354692,-0.0692657076468,-0.0782976305504,-0.0090319229036
"558","t160-k2",-1.569732559885,-2.012343027748,-1.520679666988,-28.1965526596088,3.12492039412074,24.4323832458235,0.442610467863,-0.049052892897,-0.49166336076
"559","t160-k3",8.204059562093,8.958671339302,8.651387647185,-9.19802899403238,-5.45252117816022,3.43001412239487,-0.754611777209,-0.447328085092,0.307283692117
"560","t161-k1",1.265542041067,1.265542041067,1.265542041067,0,0,0,0,0,0
"561","t162-k1",2.012364097137,2.012364097137,2.012364097137,0,0,0,0,0,0
"562","t162-k2",0.4145088037321,0.4145088037321,0.4145088037321,0,0,0,0,0,0
"563","t163-k1",-1.94148850547,-1.94148850547,-1.94148850547,0,0,0,0,0,0
"564","t164-k1",-0.9670595402247,-0.3083237299901,-0.1010656604464,68.117399481064,89.5491791102214,67.2209270270423,-0.6587358102346,-0.8659938797783,-0.2072580695437
"565","t165-k1",0,0,0,NA,NA,NA,0,0,0
"566","t166-k1",0,0,0,NA,NA,NA,0,0,0
"567","t167-k1",0,0,0,NA,NA,NA,0,0,0
